Date,Wellname,Status,WHP_psig_,Temp_F_,P1_Inj,DP_Inj,LineID,Orifice,Source,HrsInjected,FlowMeterRate,DCS_InjRate_kph_,CumInj_24hr,Status_orig
01-Jan-2006,68-20RD,I,0,74,NaN,NaN,12,8,POLYLINE,24,NaN,339,8.136,I
02-Jan-2006,68-20RD,I,0,64,NaN,NaN,12,8,POLYLINE,24,NaN,302,7.248,I
03-Jan-2006,68-20RD,I,0,90,NaN,NaN,12,8,POLYLINE,24,NaN,284,6.816,I
04-Jan-2006,68-20RD,I,0,83,NaN,NaN,12,8,POLYLINE,24,NaN,332,7.968,I
05-Jan-2006,68-20RD,I,0,83,NaN,NaN,12,8,POLYLINE,24,NaN,334,8.016,I
06-Jan-2006,68-20RD,I,0,94,NaN,NaN,12,8,POLYLINE,24,NaN,336,8.064,I
07-Jan-2006,68-20RD,I,0,94,NaN,NaN,12,8,POLYLINE,24,NaN,333,7.992,I
08-Jan-2006,68-20RD,I,0,84,NaN,NaN,12,8,POLYLINE,24,NaN,328,7.872,I
09-Jan-2006,68-20RD,I,0,87,NaN,NaN,12,8,POLYLINE,24,NaN,331,7.944,I
10-Jan-2006,68-20RD,I,0,85,NaN,NaN,12,8,POLYLINE,24,NaN,323,7.752,I
11-Jan-2006,68-20RD,I,0,87,NaN,NaN,12,8,POLYLINE,24,NaN,355,8.52,I
12-Jan-2006,68-20RD,I,0,97,NaN,NaN,12,8,POLYLINE,24,NaN,330,7.92,I
13-Jan-2006,68-20RD,I,0,99,NaN,NaN,12,8,POLYLINE,24,NaN,325,7.8,I
14-Jan-2006,68-20RD,I,0,82,NaN,NaN,12,8,POLYLINE,24,NaN,302,7.248,I
15-Jan-2006,68-20RD,I,0,85,NaN,NaN,12,8,POLYLINE,24,NaN,330,7.92,I
16-Jan-2006,68-20RD,I,0,80,NaN,NaN,12,8,POLYLINE,24,NaN,338,8.112,I
17-Jan-2006,68-20RD,I,0,85,NaN,NaN,12,8,POLYLINE,24,NaN,318,7.632,I
18-Jan-2006,68-20RD,I,0,85,NaN,NaN,12,8,POLYLINE,24,NaN,316,7.584,I
19-Jan-2006,68-20RD,I,0,85,NaN,NaN,12,8,POLYLINE,24,NaN,349,8.376,I
20-Jan-2006,68-20RD,I,0,85,NaN,NaN,12,8,POLYLINE,24,NaN,321,7.704,I
21-Jan-2006,68-20RD,I,0,80,NaN,NaN,12,8,POLYLINE,24,NaN,80,1.92,I
22-Jan-2006,68-20RD,I,0,80,NaN,NaN,12,8,POLYLINE,24,NaN,328,7.872,I
23-Jan-2006,68-20RD,I,0,80,NaN,NaN,12,8,POLYLINE,24,NaN,312,7.488,I
24-Jan-2006,68-20RD,I,0,80,NaN,NaN,12,8,POLYLINE,24,NaN,310,7.44,I
25-Jan-2006,68-20RD,I,0,93,NaN,NaN,12,8,POLYLINE,24,NaN,309,7.416,I
26-Jan-2006,68-20RD,I,0,87,NaN,NaN,12,8,POLYLINE,24,NaN,304,7.296,I
27-Jan-2006,68-20RD,I,0,88,NaN,NaN,12,8,POLYLINE,24,NaN,289,6.936,I
28-Jan-2006,68-20RD,I,0,85,NaN,NaN,12,8,POLYLINE,24,NaN,291,6.984,I
29-Jan-2006,68-20RD,I,4,84,NaN,NaN,12,8,POLYLINE,24,NaN,287,6.888,I
30-Jan-2006,68-20RD,I,0,84,NaN,NaN,12,8,POLYLINE,24,NaN,279,6.696,I
31-Jan-2006,68-20RD,I,2,90,NaN,NaN,12,8,POLYLINE,24,NaN,293,7.032,I
01-Feb-2006,68-20RD,I,0,107,NaN,NaN,12,8,POLYLINE,24,NaN,282,6.768,I
02-Feb-2006,68-20RD,I,0,96,NaN,NaN,12,8,POLYLINE,24,NaN,277,6.648,I
03-Feb-2006,68-20RD,I,0,117,NaN,NaN,12,8,POLYLINE,24,NaN,270,6.48,I
04-Feb-2006,68-20RD,I,0,118,NaN,NaN,12,8,POLYLINE,24,NaN,263,6.312,I
05-Feb-2006,68-20RD,I,0,103,NaN,NaN,12,8,POLYLINE,24,NaN,254,6.096,I
06-Feb-2006,68-20RD,I,0,94,NaN,NaN,12,8,POLYLINE,24,NaN,266,6.384,I
07-Feb-2006,68-20RD,I,0,115,NaN,NaN,12,8,POLYLINE,24,NaN,571,13.704,I
08-Feb-2006,68-20RD,I,0,118,NaN,NaN,12,8,POLYLINE,24,NaN,557,13.368,I
09-Feb-2006,68-20RD,I,0,115,NaN,NaN,12,8,POLYLINE,24,NaN,498,11.952,I
10-Feb-2006,68-20RD,I,0,117,NaN,NaN,12,8,POLYLINE,24,NaN,319,7.656,I
11-Feb-2006,68-20RD,I,0,116,NaN,NaN,12,8,POLYLINE,24,NaN,390,9.36,I
12-Feb-2006,68-20RD,I,0,104,NaN,NaN,12,8,POLYLINE,24,NaN,393,9.432,I
13-Feb-2006,68-20RD,I,0,100,NaN,NaN,12,8,POLYLINE,24,NaN,287,6.888,I
14-Feb-2006,68-20RD,I,0,97,NaN,NaN,12,8,POLYLINE,24,NaN,309,7.416,I
15-Feb-2006,68-20RD,I,0,77,NaN,NaN,12,8,POLYLINE,24,NaN,322,7.728,I
16-Feb-2006,68-20RD,I,0,79,NaN,NaN,12,8,POLYLINE,24,NaN,337,8.088,I
17-Feb-2006,68-20RD,I,0,78,NaN,NaN,12,8,POLYLINE,24,NaN,333,7.992,I
18-Feb-2006,68-20RD,I,0,84,NaN,NaN,12,8,POLYLINE,24,NaN,329,7.896,I
19-Feb-2006,68-20RD,I,0,83,NaN,NaN,12,8,POLYLINE,24,NaN,308,7.392,I
20-Feb-2006,68-20RD,I,0,83,NaN,NaN,12,8,POLYLINE,24,NaN,306,7.344,I
21-Feb-2006,68-20RD,I,0,0,NaN,NaN,12,8,POLYLINE,24,NaN,173,4.152,I
22-Feb-2006,68-20RD,I,0,0,NaN,NaN,12,8,POLYLINE,24,NaN,293,7.032,I
23-Feb-2006,68-20RD,I,0,0,NaN,NaN,12,8,POLYLINE,24,NaN,359,8.616,I
24-Feb-2006,68-20RD,I,0,0,NaN,NaN,12,8,POLYLINE,24,NaN,333,7.992,I
25-Feb-2006,68-20RD,I,0,0,NaN,NaN,12,8,POLYLINE,24,NaN,357,8.568,I
26-Feb-2006,68-20RD,I,0,NaN,NaN,NaN,12,8,POLYLINE,24,NaN,347,8.328,I
27-Feb-2006,68-20RD,I,0,0,NaN,NaN,12,8,POLYLINE,24,NaN,338,8.112,I
28-Feb-2006,68-20RD,I,0,116,NaN,NaN,12,8,POLYLINE,24,NaN,333,7.992,I
01-Mar-2006,68-20RD,I,0,116,NaN,NaN,12,8,POLYLINE,24,NaN,327,7.848,I
02-Mar-2006,68-20RD,I,0,113,NaN,NaN,12,8,POLYLINE,24,NaN,351,8.424,I
03-Mar-2006,68-20RD,I,0,76,NaN,NaN,12,8,POLYLINE,24,NaN,363,8.712,I
04-Mar-2006,68-20RD,I,0,76,NaN,NaN,12,8,POLYLINE,24,NaN,335,8.04,I
05-Mar-2006,68-20RD,I,0,88,NaN,NaN,12,8,POLYLINE,24,NaN,329,7.896,I
06-Mar-2006,68-20RD,I,0,85,NaN,NaN,12,8,POLYLINE,24,NaN,334,8.016,I
07-Mar-2006,68-20RD,I,0,86,NaN,NaN,12,8,POLYLINE,24,NaN,295,7.08,I
08-Mar-2006,68-20RD,I,2,111,NaN,NaN,12,8,POLYLINE,24,NaN,297,7.128,I
09-Mar-2006,68-20RD,I,4,111,NaN,NaN,12,8,POLYLINE,24,NaN,339,8.136,I
10-Mar-2006,68-20RD,I,0,111,NaN,NaN,12,8,POLYLINE,24,NaN,303,7.272,I
11-Mar-2006,68-20RD,I,0,111,NaN,NaN,12,8,POLYLINE,24,NaN,283,6.792,I
12-Mar-2006,68-20RD,I,0,111,NaN,NaN,12,8,POLYLINE,24,NaN,328,7.872,I
13-Mar-2006,68-20RD,I,0,110,NaN,NaN,12,8,POLYLINE,24,NaN,297,7.128,I
14-Mar-2006,68-20RD,I,0,89,NaN,NaN,12,8,POLYLINE,24,NaN,264,6.336,I
15-Mar-2006,68-20RD,I,0,52,NaN,NaN,12,8,POLYLINE,24,NaN,305,7.32,I
16-Mar-2006,68-20RD,I,0,86,NaN,NaN,12,8,POLYLINE,24,NaN,351,8.424,I
17-Mar-2006,68-20RD,I,0,151,NaN,NaN,12,8,POLYLINE,24,NaN,347,8.328,I
18-Mar-2006,68-20RD,I,0,151,NaN,NaN,12,8,POLYLINE,24,NaN,347,8.328,I
19-Mar-2006,68-20RD,I,0,85,NaN,NaN,12,8,POLYLINE,24,NaN,307,7.368,I
20-Mar-2006,68-20RD,I,0,88,NaN,NaN,12,8,POLYLINE,24,NaN,297,7.128,I
21-Mar-2006,68-20RD,I,0,218,NaN,NaN,12,8,POLYLINE,24,NaN,304,7.296,I
22-Mar-2006,68-20RD,I,0,96,NaN,NaN,12,8,POLYLINE,24,NaN,286,6.864,I
23-Mar-2006,68-20RD,I,0,100,NaN,NaN,12,8,POLYLINE,24,NaN,255,6.12,I
24-Mar-2006,68-20RD,I,0,96,NaN,NaN,12,8,POLYLINE,24,NaN,246,5.904,I
25-Mar-2006,68-20RD,I,0,96,NaN,NaN,12,8,POLYLINE,24,NaN,264,6.336,I
26-Mar-2006,68-20RD,I,0,96,NaN,NaN,12,8,POLYLINE,24,NaN,248,5.952,I
27-Mar-2006,68-20RD,I,0,93,NaN,NaN,12,8,POLYLINE,24,NaN,240,5.76,I
28-Mar-2006,68-20RD,I,0,97,NaN,NaN,12,8,POLYLINE,24,NaN,311,7.464,I
29-Mar-2006,68-20RD,I,0,82,NaN,NaN,12,8,POLYLINE,24,NaN,356,8.544,I
30-Mar-2006,68-20RD,I,0,81,NaN,NaN,12,8,POLYLINE,24,NaN,331,7.944,I
31-Mar-2006,68-20RD,I,0,95,NaN,NaN,12,8,POLYLINE,24,NaN,329,7.896,I
01-Apr-2006,68-20RD,I,0,93,NaN,NaN,12,8,POLYLINE,24,NaN,320,7.68,I
02-Apr-2006,68-20RD,I,0,89,NaN,NaN,12,8,POLYLINE,24,NaN,233,5.592,I
03-Apr-2006,68-20RD,I,0,81,NaN,NaN,12,8,POLYLINE,24,NaN,224,5.376,I
04-Apr-2006,68-20RD,I,0,81,NaN,NaN,12,8,POLYLINE,24,NaN,282,6.768,I
05-Apr-2006,68-20RD,I,0,86,NaN,NaN,12,8,POLYLINE,24,NaN,278,6.672,I
06-Apr-2006,68-20RD,I,0,86,NaN,NaN,12,8,POLYLINE,24,NaN,290,6.96,I
07-Apr-2006,68-20RD,I,0,116,NaN,NaN,12,8,POLYLINE,24,NaN,252,6.048,I
08-Apr-2006,68-20RD,I,0,96,NaN,NaN,12,8,POLYLINE,24,NaN,226,5.424,I
09-Apr-2006,68-20RD,I,0,96,NaN,NaN,12,8,POLYLINE,24,NaN,204,4.896,I
10-Apr-2006,68-20RD,I,0,96,NaN,NaN,12,8,POLYLINE,24,NaN,204,4.896,I
11-Apr-2006,68-20RD,I,5,93,NaN,NaN,12,8,POLYLINE,24,NaN,111,2.664,I
12-Apr-2006,68-20RD,I,0,93,NaN,NaN,12,8,POLYLINE,24,NaN,130,3.12,I
13-Apr-2006,68-20RD,I,0,93,NaN,NaN,12,8,POLYLINE,24,NaN,142,3.408,I
14-Apr-2006,68-20RD,I,2,93,NaN,NaN,12,8,POLYLINE,24,NaN,144,3.456,I
15-Apr-2006,68-20RD,I,0,88,NaN,NaN,12,8,POLYLINE,24,NaN,155,3.72,I
16-Apr-2006,68-20RD,I,3,88,NaN,NaN,12,8,POLYLINE,24,NaN,139,3.336,I
17-Apr-2006,68-20RD,I,0,88,NaN,NaN,12,8,POLYLINE,24,NaN,180,4.32,I
18-Apr-2006,68-20RD,I,0,88,NaN,NaN,12,8,POLYLINE,24,NaN,172,4.128,I
19-Apr-2006,68-20RD,I,4,98,NaN,NaN,12,8,POLYLINE,24,NaN,162,3.888,I
20-Apr-2006,68-20RD,I,5,100,NaN,NaN,12,8,POLYLINE,24,NaN,157,3.768,I
21-Apr-2006,68-20RD,I,0,96,NaN,NaN,12,8,POLYLINE,24,NaN,145,3.48,I
22-Apr-2006,68-20RD,SI,0,NaN,NaN,NaN,12,8,POLYLINE,0,NaN,0,0,SI
23-Apr-2006,68-20RD,SI,0,96,NaN,NaN,12,8,POLYLINE,0,NaN,0,0,SI
24-Apr-2006,68-20RD,I,0,106,NaN,NaN,12,8,POLYLINE,12,NaN,268,3.216,I
25-Apr-2006,68-20RD,I,0,110,NaN,NaN,12,8,POLYLINE,24,NaN,290,6.96,I
26-Apr-2006,68-20RD,I,0,110,NaN,NaN,12,8,POLYLINE,24,NaN,294,7.056,I
27-Apr-2006,68-20RD,I,0,104,NaN,NaN,12,8,POLYLINE,24,NaN,278,6.672,I
28-Apr-2006,68-20RD,I,0,115,NaN,NaN,12,8,POLYLINE,24,NaN,262,6.288,I
29-Apr-2006,68-20RD,I,0,116,NaN,NaN,12,8,POLYLINE,24,NaN,252,6.048,I
30-Apr-2006,68-20RD,I,0,121,NaN,NaN,12,8,POLYLINE,24,NaN,212,5.088,I
01-May-2006,68-20RD,I,0,109,NaN,NaN,12,8,POLYLINE,24,NaN,211,5.064,I
02-May-2006,68-20RD,I,0,109,NaN,NaN,12,8,POLYLINE,24,NaN,172,4.128,I
03-May-2006,68-20RD,I,0,91,NaN,NaN,12,8,POLYLINE,24,NaN,161,3.864,I
04-May-2006,68-20RD,I,0,79,NaN,NaN,12,8,POLYLINE,24,NaN,208,4.992,I
05-May-2006,68-20RD,I,0,97,NaN,NaN,12,8,POLYLINE,24,NaN,315,7.56,I
06-May-2006,68-20RD,I,0,107,NaN,NaN,12,8,POLYLINE,24,NaN,300,7.2,I
07-May-2006,68-20RD,I,0,110,NaN,NaN,12,8,POLYLINE,24,NaN,210,5.04,I
08-May-2006,68-20RD,I,0,87,NaN,NaN,12,8,POLYLINE,24,NaN,207,4.968,I
09-May-2006,68-20RD,I,0,114,NaN,NaN,12,8,POLYLINE,24,NaN,205,4.92,I
10-May-2006,68-20RD,I,0,89,NaN,NaN,12,8,POLYLINE,24,NaN,202,4.848,I
11-May-2006,68-20RD,I,0,100,NaN,NaN,12,8,POLYLINE,24,NaN,261,6.264,I
12-May-2006,68-20RD,I,0,108,NaN,NaN,12,8,POLYLINE,24,NaN,215,5.16,I
13-May-2006,68-20RD,I,0,117,NaN,NaN,12,8,POLYLINE,24,NaN,148,3.552,I
14-May-2006,68-20RD,I,0,135,NaN,NaN,12,8,POLYLINE,24,NaN,159,3.816,I
15-May-2006,68-20RD,I,0,85,NaN,NaN,12,8,POLYLINE,24,NaN,139,3.336,I
16-May-2006,68-20RD,I,0,97,NaN,NaN,12,8,POLYLINE,24,NaN,209,5.016,I
17-May-2006,68-20RD,I,0,107,NaN,NaN,12,8,POLYLINE,24,NaN,179,4.296,I
18-May-2006,68-20RD,I,0,111,NaN,NaN,12,8,POLYLINE,24,NaN,139,3.336,I
19-May-2006,68-20RD,I,0,109,NaN,NaN,12,8,POLYLINE,24,NaN,86,2.064,I
20-May-2006,68-20RD,I,0,86,NaN,NaN,12,8,POLYLINE,24,NaN,161,3.864,I
21-May-2006,68-20RD,I,0,87,NaN,NaN,12,8,POLYLINE,24,NaN,250,6,I
22-May-2006,68-20RD,I,0,89,NaN,NaN,12,8,POLYLINE,24,NaN,253,6.072,I
23-May-2006,68-20RD,I,0,83,NaN,NaN,12,8,POLYLINE,24,NaN,204,4.896,I
24-May-2006,68-20RD,I,0,109,NaN,NaN,12,8,POLYLINE,24,NaN,86,2.064,I
25-May-2006,68-20RD,I,0,111,NaN,NaN,12,8,POLYLINE,24,NaN,232,5.568,I
26-May-2006,68-20RD,I,0,105,NaN,NaN,12,8,POLYLINE,24,NaN,232,5.568,I
27-May-2006,68-20RD,I,0,90,NaN,NaN,12,8,POLYLINE,24,NaN,250,6,I
28-May-2006,68-20RD,I,0,83,NaN,NaN,12,8,POLYLINE,24,NaN,264,6.336,I
29-May-2006,68-20RD,I,0,86,NaN,NaN,12,8,POLYLINE,24,NaN,285,6.84,I
30-May-2006,68-20RD,I,0,81,NaN,NaN,12,8,POLYLINE,24,NaN,193,4.632,I
31-May-2006,68-20RD,I,0,121,NaN,NaN,12,8,POLYLINE,24,NaN,209,5.016,I
01-Jun-2006,68-20RD,I,0,97,NaN,NaN,12,8,POLYLINE,24,NaN,173,4.152,I
02-Jun-2006,68-20RD,I,0,92,NaN,NaN,12,8,POLYLINE,24,NaN,266,6.384,I
03-Jun-2006,68-20RD,I,0,96,NaN,NaN,12,8,POLYLINE,24,NaN,222,5.328,I
04-Jun-2006,68-20RD,I,0,117,NaN,NaN,12,8,POLYLINE,24,NaN,161,3.864,I
05-Jun-2006,68-20RD,I,0,99,NaN,NaN,12,8,POLYLINE,24,NaN,92,2.208,I
06-Jun-2006,68-20RD,I,0,94,NaN,NaN,12,8,POLYLINE,24,NaN,220,5.28,I
07-Jun-2006,68-20RD,I,0,79,NaN,NaN,12,8,POLYLINE,24,NaN,251,6.024,I
08-Jun-2006,68-20RD,I,0,79,NaN,NaN,12,8,POLYLINE,24,NaN,233,5.592,I
09-Jun-2006,68-20RD,I,0,79,NaN,NaN,12,8,POLYLINE,24,NaN,256,6.144,I
10-Jun-2006,68-20RD,I,0,79,NaN,NaN,12,8,POLYLINE,24,NaN,298,7.152,I
11-Jun-2006,68-20RD,I,0,79,NaN,NaN,12,8,POLYLINE,24,NaN,211,5.064,I
12-Jun-2006,68-20RD,I,22,79,NaN,NaN,12,8,POLYLINE,24,NaN,278,6.672,I
13-Jun-2006,68-20RD,I,0,79,NaN,NaN,12,8,POLYLINE,24,NaN,76,1.824,I
14-Jun-2006,68-20RD,I,0,88,NaN,NaN,12,8,POLYLINE,24,NaN,321,7.704,I
15-Jun-2006,68-20RD,I,0,93,NaN,NaN,12,8,POLYLINE,24,NaN,250,6,I
16-Jun-2006,68-20RD,I,0,95,NaN,NaN,12,8,POLYLINE,24,NaN,283,6.792,I
17-Jun-2006,68-20RD,I,0,110,NaN,NaN,12,8,POLYLINE,24,NaN,176,4.224,I
18-Jun-2006,68-20RD,I,0,95,NaN,NaN,12,8,POLYLINE,24,NaN,148,3.552,I
19-Jun-2006,68-20RD,I,0,107,NaN,NaN,12,8,POLYLINE,24,NaN,150,3.6,I
20-Jun-2006,68-20RD,I,1,110,NaN,NaN,12,8,POLYLINE,24,NaN,17,0.408,I
21-Jun-2006,68-20RD,I,0,137,NaN,NaN,12,8,POLYLINE,24,NaN,205,4.92,I
22-Jun-2006,68-20RD,I,25,113,NaN,NaN,12,8,POLYLINE,24,NaN,189,4.536,I
23-Jun-2006,68-20RD,I,0,126,NaN,NaN,12,8,POLYLINE,24,NaN,223,5.352,I
24-Jun-2006,68-20RD,I,0,127,NaN,NaN,12,8,POLYLINE,24,NaN,152,3.648,I
25-Jun-2006,68-20RD,I,0,127,NaN,NaN,12,8,POLYLINE,24,NaN,206,4.944,I
26-Jun-2006,68-20RD,I,0,127,NaN,NaN,12,8,POLYLINE,24,NaN,243,5.832,I
27-Jun-2006,68-20RD,I,0,116,NaN,NaN,12,8,POLYLINE,24,NaN,198,4.752,I
28-Jun-2006,68-20RD,I,0,107,NaN,NaN,12,8,POLYLINE,24,NaN,179,4.296,I
29-Jun-2006,68-20RD,I,0,135,NaN,NaN,12,8,POLYLINE,24,NaN,208,4.992,I
30-Jun-2006,68-20RD,I,0,114,NaN,NaN,12,8,POLYLINE,24,NaN,223,5.352,I
01-Jul-2006,68-20RD,I,0,116,NaN,NaN,12,8,POLYLINE,24,NaN,159,3.816,I
02-Jul-2006,68-20RD,I,0,113,NaN,NaN,12,8,POLYLINE,24,NaN,189,4.536,I
03-Jul-2006,68-20RD,I,0,111,NaN,NaN,12,8,POLYLINE,24,NaN,216,5.184,I
04-Jul-2006,68-20RD,I,0,123,NaN,NaN,12,8,POLYLINE,24,NaN,192,4.608,I
05-Jul-2006,68-20RD,I,0,115,NaN,NaN,12,8,POLYLINE,24,NaN,260,6.24,I
06-Jul-2006,68-20RD,I,0,100,NaN,NaN,12,8,POLYLINE,24,NaN,286,6.864,I
07-Jul-2006,68-20RD,I,NaN,103,NaN,NaN,12,8,POLYLINE,24,NaN,164,3.936,I
08-Jul-2006,68-20RD,I,0,105,NaN,NaN,12,8,POLYLINE,24,NaN,157,3.768,I
09-Jul-2006,68-20RD,I,0,102,NaN,NaN,12,8,POLYLINE,24,NaN,185,4.44,I
10-Jul-2006,68-20RD,I,0,106,NaN,NaN,12,8,POLYLINE,24,NaN,221,5.304,I
11-Jul-2006,68-20RD,I,0,98,NaN,NaN,12,8,POLYLINE,24,NaN,222,5.328,I
12-Jul-2006,68-20RD,I,0,104,NaN,NaN,12,8,POLYLINE,24,NaN,196,4.704,I
13-Jul-2006,68-20RD,I,0,111,NaN,NaN,12,8,POLYLINE,24,NaN,227,5.448,I
14-Jul-2006,68-20RD,I,0,124,NaN,NaN,12,8,POLYLINE,24,NaN,194,4.656,I
15-Jul-2006,68-20RD,I,0,114,NaN,NaN,12,8,POLYLINE,24,NaN,189,4.536,I
16-Jul-2006,68-20RD,I,0,123,NaN,NaN,12,8,POLYLINE,24,NaN,158,3.792,I
17-Jul-2006,68-20RD,I,0,132,NaN,NaN,12,8,POLYLINE,24,NaN,158,3.792,I
18-Jul-2006,68-20RD,I,2,0,NaN,NaN,12,8,POLYLINE,24,NaN,231,5.544,I
19-Jul-2006,68-20RD,I,0,0,NaN,NaN,12,8,POLYLINE,24,NaN,206,4.944,I
20-Jul-2006,68-20RD,I,0,0,NaN,NaN,12,8,POLYLINE,24,NaN,195,4.68,I
21-Jul-2006,68-20RD,I,0,105,NaN,NaN,12,8,POLYLINE,24,NaN,206,4.944,I
22-Jul-2006,68-20RD,I,0,0,NaN,NaN,12,8,POLYLINE,24,NaN,212,5.088,I
23-Jul-2006,68-20RD,I,0,0,NaN,NaN,12,8,POLYLINE,24,NaN,176,4.224,I
24-Jul-2006,68-20RD,I,0,0,NaN,NaN,12,8,POLYLINE,24,NaN,139,3.336,I
25-Jul-2006,68-20RD,I,0,0,NaN,NaN,12,8,POLYLINE,24,NaN,202,4.848,I
26-Jul-2006,68-20RD,I,NaN,NaN,NaN,NaN,12,8,POLYLINE,24,NaN,175,4.2,I
27-Jul-2006,68-20RD,I,0,0,NaN,NaN,12,8,POLYLINE,24,NaN,194,4.656,I
28-Jul-2006,68-20RD,I,0,0,NaN,NaN,12,8,POLYLINE,24,NaN,182,4.368,I
29-Jul-2006,68-20RD,I,0,0,NaN,NaN,12,8,POLYLINE,24,NaN,181,4.344,I
30-Jul-2006,68-20RD,I,0,0,NaN,NaN,12,8,POLYLINE,24,NaN,238,5.712,I
31-Jul-2006,68-20RD,I,0,0,NaN,NaN,12,8,POLYLINE,24,NaN,198,4.752,I
01-Aug-2006,68-20RD,I,0,0,NaN,NaN,12,8,POLYLINE,24,NaN,202,4.848,I
02-Aug-2006,68-20RD,I,0,0,NaN,NaN,12,8,POLYLINE,24,NaN,240,5.76,I
03-Aug-2006,68-20RD,I,0,0,NaN,NaN,12,8,POLYLINE,24,NaN,220,5.28,I
04-Aug-2006,68-20RD,I,0,0,NaN,NaN,12,8,POLYLINE,24,NaN,190,4.56,I
05-Aug-2006,68-20RD,I,0,0,NaN,NaN,12,8,POLYLINE,24,NaN,216,5.184,I
06-Aug-2006,68-20RD,I,0,0,NaN,NaN,12,8,POLYLINE,24,NaN,230,5.52,I
07-Aug-2006,68-20RD,I,0,0,NaN,NaN,12,8,POLYLINE,24,NaN,186,4.464,I
08-Aug-2006,68-20RD,I,0,0,NaN,NaN,12,8,POLYLINE,24,NaN,190,4.56,I
09-Aug-2006,68-20RD,I,0,0,NaN,NaN,12,8,POLYLINE,24,NaN,171,4.104,I
10-Aug-2006,68-20RD,I,0,0,NaN,NaN,12,8,POLYLINE,24,NaN,173,4.152,I
11-Aug-2006,68-20RD,I,0,0,NaN,NaN,12,8,POLYLINE,24,NaN,201,4.824,I
12-Aug-2006,68-20RD,I,0,0,NaN,NaN,12,8,POLYLINE,24,NaN,179,4.296,I
13-Aug-2006,68-20RD,I,0,0,NaN,NaN,12,8,POLYLINE,24,NaN,66,1.584,I
14-Aug-2006,68-20RD,I,0,0,NaN,NaN,12,8,POLYLINE,24,NaN,229,5.496,I
15-Aug-2006,68-20RD,I,0,0,NaN,NaN,12,8,POLYLINE,24,NaN,181,4.344,I
16-Aug-2006,68-20RD,I,0,0,NaN,NaN,12,8,POLYLINE,24,NaN,218,5.232,I
17-Aug-2006,68-20RD,I,0,0,NaN,NaN,12,8,POLYLINE,24,NaN,181,4.344,I
18-Aug-2006,68-20RD,I,0,0,NaN,NaN,12,8,POLYLINE,24,NaN,213,5.112,I
19-Aug-2006,68-20RD,I,0,0,NaN,NaN,12,8,POLYLINE,24,NaN,185,4.44,I
20-Aug-2006,68-20RD,I,0,0,NaN,NaN,12,8,POLYLINE,24,NaN,189,4.536,I
21-Aug-2006,68-20RD,I,0,0,NaN,NaN,12,8,POLYLINE,24,NaN,189,4.536,I
22-Aug-2006,68-20RD,I,0,0,NaN,NaN,12,8,POLYLINE,24,NaN,188,4.512,I
23-Aug-2006,68-20RD,I,0,0,NaN,NaN,12,8,POLYLINE,24,NaN,202,4.848,I
24-Aug-2006,68-20RD,I,0,0,NaN,NaN,12,8,POLYLINE,24,NaN,191,4.584,I
25-Aug-2006,68-20RD,I,NaN,NaN,NaN,NaN,12,8,POLYLINE,24,NaN,189,4.536,I
26-Aug-2006,68-20RD,I,0,0,NaN,NaN,12,8,POLYLINE,24,NaN,187,4.488,I
27-Aug-2006,68-20RD,I,0,0,NaN,NaN,12,8,POLYLINE,24,NaN,193,4.632,I
28-Aug-2006,68-20RD,I,0,0,NaN,NaN,12,8,POLYLINE,24,NaN,192,4.608,I
29-Aug-2006,68-20RD,I,0,0,NaN,NaN,12,8,POLYLINE,24,NaN,186,4.464,I
30-Aug-2006,68-20RD,I,0,0,NaN,NaN,12,8,POLYLINE,24,NaN,186,4.464,I
31-Aug-2006,68-20RD,I,NaN,NaN,NaN,NaN,12,8,POLYLINE,24,NaN,185,4.44,I
01-Sep-2006,68-20RD,I,25,NaN,NaN,NaN,12,8,POLYLINE,24,NaN,189,4.536,I
02-Sep-2006,68-20RD,I,NaN,NaN,NaN,NaN,12,8,POLYLINE,24,NaN,188,4.512,I
03-Sep-2006,68-20RD,I,0,0,NaN,NaN,12,8,POLYLINE,24,NaN,212,5.088,I
04-Sep-2006,68-20RD,I,0,0,NaN,NaN,12,8,POLYLINE,24,NaN,312,7.488,I
05-Sep-2006,68-20RD,I,0,0,NaN,NaN,12,8,POLYLINE,24,NaN,268,6.432,I
06-Sep-2006,68-20RD,I,2,0,NaN,NaN,12,8,POLYLINE,24,NaN,277,6.648,I
07-Sep-2006,68-20RD,I,0,0,NaN,NaN,12,8,POLYLINE,24,NaN,252,6.048,I
08-Sep-2006,68-20RD,I,NaN,NaN,NaN,NaN,12,8,POLYLINE,24,NaN,191,4.584,I
09-Sep-2006,68-20RD,I,NaN,NaN,NaN,NaN,12,8,POLYLINE,24,NaN,200,4.8,I
10-Sep-2006,68-20RD,I,0,0,NaN,NaN,12,8,POLYLINE,24,NaN,279,6.696,I
11-Sep-2006,68-20RD,I,0,0,NaN,NaN,12,8,POLYLINE,24,NaN,199,4.776,I
12-Sep-2006,68-20RD,I,NaN,NaN,NaN,NaN,12,8,POLYLINE,24,NaN,193,4.632,I
13-Sep-2006,68-20RD,I,NaN,NaN,NaN,NaN,12,8,POLYLINE,24,NaN,193,4.632,I
14-Sep-2006,68-20RD,I,0,0,NaN,NaN,12,8,POLYLINE,24,NaN,223,5.352,I
15-Sep-2006,68-20RD,I,0,0,NaN,NaN,12,8,POLYLINE,24,NaN,274,6.576,I
16-Sep-2006,68-20RD,I,0,0,NaN,NaN,12,8,POLYLINE,24,NaN,257,6.168,I
17-Sep-2006,68-20RD,I,0,0,NaN,NaN,12,8,POLYLINE,24,NaN,248,5.952,I
18-Sep-2006,68-20RD,I,0,0,NaN,NaN,12,8,POLYLINE,24,NaN,216,5.184,I
19-Sep-2006,68-20RD,I,26,0,NaN,NaN,12,8,POLYLINE,24,NaN,227,5.448,I
20-Sep-2006,68-20RD,I,0,0,NaN,NaN,12,8,POLYLINE,24,NaN,217,5.208,I
21-Sep-2006,68-20RD,I,0,0,NaN,NaN,12,8,POLYLINE,24,NaN,231,5.544,I
22-Sep-2006,68-20RD,I,NaN,NaN,NaN,NaN,12,8,POLYLINE,24,NaN,227,5.448,I
23-Sep-2006,68-20RD,I,NaN,NaN,NaN,NaN,12,8,POLYLINE,24,NaN,231,5.544,I
24-Sep-2006,68-20RD,I,NaN,NaN,NaN,NaN,12,8,POLYLINE,24,NaN,222,5.328,I
25-Sep-2006,68-20RD,I,NaN,NaN,NaN,NaN,12,8,POLYLINE,24,NaN,249,5.976,I
26-Sep-2006,68-20RD,I,0,0,NaN,NaN,12,8,POLYLINE,24,NaN,213,5.112,I
27-Sep-2006,68-20RD,I,0,0,NaN,NaN,12,8,POLYLINE,24,NaN,191,4.584,I
28-Sep-2006,68-20RD,I,0,0,NaN,NaN,12,8,POLYLINE,24,NaN,217,5.208,I
29-Sep-2006,68-20RD,I,NaN,NaN,NaN,NaN,12,8,POLYLINE,24,NaN,189,4.536,I
30-Sep-2006,68-20RD,I,0,0,NaN,NaN,12,8,POLYLINE,24,NaN,217,5.208,I
01-Oct-2006,68-20RD,I,0,0,NaN,NaN,12,8,POLYLINE,24,NaN,252,6.048,I
02-Oct-2006,68-20RD,I,0,0,NaN,NaN,12,8,POLYLINE,24,NaN,235,5.64,I
03-Oct-2006,68-20RD,I,0,0,NaN,NaN,12,8,POLYLINE,24,NaN,233,5.592,I
04-Oct-2006,68-20RD,I,0,0,NaN,NaN,12,8,POLYLINE,24,NaN,247,5.928,I
05-Oct-2006,68-20RD,I,0,0,NaN,NaN,12,8,POLYLINE,24,NaN,229,5.496,I
06-Oct-2006,68-20RD,I,0,0,NaN,NaN,12,8,POLYLINE,24,NaN,237,5.688,I
07-Oct-2006,68-20RD,I,0,0,NaN,NaN,12,8,POLYLINE,24,NaN,242,5.808,I
08-Oct-2006,68-20RD,I,0,0,NaN,NaN,12,8,POLYLINE,24,NaN,221,5.304,I
09-Oct-2006,68-20RD,I,0,0,NaN,NaN,12,8,POLYLINE,24,NaN,247,5.928,I
10-Oct-2006,68-20RD,I,0,0,NaN,NaN,12,8,POLYLINE,24,NaN,222,5.328,I
11-Oct-2006,68-20RD,I,0,0,NaN,NaN,12,8,POLYLINE,24,NaN,249,5.976,I
12-Oct-2006,68-20RD,I,0,0,NaN,NaN,12,8,POLYLINE,24,NaN,212,5.088,I
13-Oct-2006,68-20RD,I,0,0,NaN,NaN,12,8,POLYLINE,24,NaN,223,5.352,I
14-Oct-2006,68-20RD,I,0,0,NaN,NaN,12,8,POLYLINE,24,NaN,271,6.504,I
15-Oct-2006,68-20RD,I,0,0,NaN,NaN,12,8,POLYLINE,24,NaN,267,6.408,I
16-Oct-2006,68-20RD,I,0,0,NaN,NaN,12,8,POLYLINE,24,NaN,263,6.312,I
17-Oct-2006,68-20RD,SI,0,0,NaN,NaN,12,8,POLYLINE,14,NaN,246,3.444,SI
18-Oct-2006,68-20RD,I,0,0,NaN,NaN,12,8,POLYLINE,14,NaN,211,2.954,I
19-Oct-2006,68-20RD,I,0,0,NaN,NaN,12,8,POLYLINE,24,NaN,291,6.984,I
20-Oct-2006,68-20RD,I,0,0,NaN,NaN,12,8,POLYLINE,24,NaN,208,4.992,I
21-Oct-2006,68-20RD,I,0,0,NaN,NaN,12,8,POLYLINE,24,NaN,258,6.192,I
22-Oct-2006,68-20RD,I,0,0,NaN,NaN,12,8,POLYLINE,24,NaN,231,5.544,I
23-Oct-2006,68-20RD,I,0,0,NaN,NaN,12,8,POLYLINE,24,NaN,211,5.064,I
24-Oct-2006,68-20RD,I,0,0,NaN,NaN,12,8,POLYLINE,24,NaN,204,4.896,I
25-Oct-2006,68-20RD,I,0,0,NaN,NaN,12,8,POLYLINE,24,NaN,210,5.04,I
26-Oct-2006,68-20RD,I,0,0,NaN,NaN,12,8,POLYLINE,24,NaN,275,6.6,I
27-Oct-2006,68-20RD,I,0,0,NaN,NaN,12,8,POLYLINE,24,NaN,311,7.464,I
28-Oct-2006,68-20RD,I,0,0,NaN,NaN,12,8,POLYLINE,24,NaN,204,4.896,I
29-Oct-2006,68-20RD,I,0,0,NaN,NaN,12,8,POLYLINE,24,NaN,301,7.224,I
30-Oct-2006,68-20RD,I,0,0,NaN,NaN,12,8,POLYLINE,24,NaN,279,6.696,I
31-Oct-2006,68-20RD,I,0,0,NaN,NaN,12,8,POLYLINE,24,NaN,304,7.296,I
01-Nov-2006,68-20RD,I,0,0,NaN,NaN,12,8,POLYLINE,24,NaN,237,5.688,I
02-Nov-2006,68-20RD,I,0,0,NaN,NaN,12,8,POLYLINE,24,NaN,215,5.16,I
03-Nov-2006,68-20RD,I,0,0,NaN,NaN,12,8,POLYLINE,24,NaN,282,6.768,I
04-Nov-2006,68-20RD,I,0,0,NaN,NaN,12,8,POLYLINE,24,NaN,296,7.104,I
05-Nov-2006,68-20RD,I,0,0,NaN,NaN,12,8,POLYLINE,24,NaN,242,5.808,I
06-Nov-2006,68-20RD,I,0,0,NaN,NaN,12,8,POLYLINE,24,NaN,244,5.856,I
07-Nov-2006,68-20RD,I,0,0,NaN,NaN,12,8,POLYLINE,24,NaN,210,5.04,I
08-Nov-2006,68-20RD,I,0,0,NaN,NaN,12,8,POLYLINE,24,NaN,206,4.944,I
09-Nov-2006,68-20RD,I,0,0,NaN,NaN,12,8,POLYLINE,24,NaN,260,6.24,I
10-Nov-2006,68-20RD,I,0,0,NaN,NaN,12,8,POLYLINE,24,NaN,272,6.528,I
11-Nov-2006,68-20RD,I,0,0,NaN,NaN,12,8,POLYLINE,24,NaN,267,6.408,I
12-Nov-2006,68-20RD,I,0,0,NaN,NaN,12,8,POLYLINE,24,NaN,318,7.632,I
13-Nov-2006,68-20RD,I,0,0,NaN,NaN,12,8,POLYLINE,24,NaN,296,7.104,I
14-Nov-2006,68-20RD,I,0,0,NaN,NaN,12,8,POLYLINE,24,NaN,286,6.864,I
15-Nov-2006,68-20RD,I,0,0,NaN,NaN,12,8,POLYLINE,24,NaN,271,6.504,I
16-Nov-2006,68-20RD,I,0,0,NaN,NaN,12,8,POLYLINE,24,NaN,245,5.88,I
17-Nov-2006,68-20RD,I,0,0,NaN,NaN,12,8,POLYLINE,24,NaN,264,6.336,I
18-Nov-2006,68-20RD,I,0,0,NaN,NaN,12,8,POLYLINE,24,NaN,239,5.736,I
19-Nov-2006,68-20RD,I,0,0,NaN,NaN,12,8,POLYLINE,24,NaN,232,5.568,I
20-Nov-2006,68-20RD,I,0,0,NaN,NaN,12,8,POLYLINE,24,NaN,288,6.912,I
21-Nov-2006,68-20RD,I,0,0,NaN,NaN,12,8,POLYLINE,24,NaN,288,6.912,I
22-Nov-2006,68-20RD,I,0,0,NaN,NaN,12,8,POLYLINE,24,NaN,237,5.688,I
23-Nov-2006,68-20RD,I,0,0,NaN,NaN,12,8,POLYLINE,24,NaN,251,6.024,I
24-Nov-2006,68-20RD,I,0,0,NaN,NaN,12,8,POLYLINE,24,NaN,292,7.008,I
25-Nov-2006,68-20RD,I,0,0,NaN,NaN,12,8,POLYLINE,24,NaN,327,7.848,I
26-Nov-2006,68-20RD,I,0,0,NaN,NaN,12,8,POLYLINE,24,NaN,262,6.288,I
27-Nov-2006,68-20RD,I,0,0,NaN,NaN,12,8,POLYLINE,24,NaN,257,6.168,I
28-Nov-2006,68-20RD,I,0,0,NaN,NaN,12,8,POLYLINE,24,NaN,115,2.76,I
29-Nov-2006,68-20RD,I,0,0,NaN,NaN,12,8,POLYLINE,24,NaN,298,7.152,I
30-Nov-2006,68-20RD,I,4,0,NaN,NaN,12,8,POLYLINE,24,NaN,296,7.104,I
01-Dec-2006,68-20RD,I,0,0,NaN,NaN,12,8,POLYLINE,24,NaN,278,6.672,I
02-Dec-2006,68-20RD,I,0,0,NaN,NaN,12,8,POLYLINE,24,NaN,259,6.216,I
03-Dec-2006,68-20RD,I,0,0,NaN,NaN,12,8,POLYLINE,24,NaN,295,7.08,I
04-Dec-2006,68-20RD,I,0,0,NaN,NaN,12,8,POLYLINE,24,NaN,305,7.32,I
05-Dec-2006,68-20RD,I,0,0,NaN,NaN,12,8,POLYLINE,24,NaN,252,6.048,I
06-Dec-2006,68-20RD,I,15,0,NaN,NaN,12,8,POLYLINE,24,NaN,274,6.576,I
07-Dec-2006,68-20RD,I,0,0,NaN,NaN,12,8,POLYLINE,24,NaN,273,6.552,I
08-Dec-2006,68-20RD,I,0,0,NaN,NaN,12,8,POLYLINE,24,NaN,294,7.056,I
09-Dec-2006,68-20RD,I,0,0,NaN,NaN,12,8,POLYLINE,24,NaN,296,7.104,I
10-Dec-2006,68-20RD,I,0,0,NaN,NaN,12,8,POLYLINE,24,NaN,293,7.032,I
11-Dec-2006,68-20RD,I,0,0,NaN,NaN,12,8,POLYLINE,24,NaN,285,6.84,I
12-Dec-2006,68-20RD,I,0,0,NaN,NaN,12,8,POLYLINE,24,NaN,276,6.624,I
13-Dec-2006,68-20RD,I,0,0,NaN,NaN,12,8,POLYLINE,24,NaN,287,6.888,I
14-Dec-2006,68-20RD,I,0,0,NaN,NaN,12,8,POLYLINE,24,NaN,294,7.056,I
15-Dec-2006,68-20RD,I,0,0,NaN,NaN,12,8,POLYLINE,24,NaN,289,6.936,I
16-Dec-2006,68-20RD,I,0,0,NaN,NaN,12,8,POLYLINE,24,NaN,275,6.6,I
17-Dec-2006,68-20RD,I,0,0,NaN,NaN,12,8,POLYLINE,24,NaN,307,7.368,I
18-Dec-2006,68-20RD,I,0,0,NaN,NaN,12,8,POLYLINE,24,NaN,302,7.248,I
19-Dec-2006,68-20RD,I,NaN,NaN,NaN,NaN,12,8,POLYLINE,24,NaN,307,7.368,I
20-Dec-2006,68-20RD,I,NaN,NaN,NaN,NaN,12,8,POLYLINE,24,NaN,306,7.344,I
21-Dec-2006,68-20RD,I,0,0,NaN,NaN,12,8,POLYLINE,24,NaN,301,7.224,I
22-Dec-2006,68-20RD,I,0,0,NaN,NaN,12,8,POLYLINE,24,NaN,292,7.008,I
23-Dec-2006,68-20RD,I,0,0,NaN,NaN,12,8,POLYLINE,24,NaN,303,7.272,I
24-Dec-2006,68-20RD,I,0,0,NaN,NaN,12,8,POLYLINE,24,NaN,296,7.104,I
25-Dec-2006,68-20RD,I,0,0,NaN,NaN,12,8,POLYLINE,24,NaN,294,7.056,I
26-Dec-2006,68-20RD,I,0,0,NaN,NaN,12,8,POLYLINE,24,NaN,260,6.24,I
27-Dec-2006,68-20RD,I,0,0,NaN,NaN,12,8,POLYLINE,24,NaN,325,7.8,I
28-Dec-2006,68-20RD,I,0,0,NaN,NaN,12,8,POLYLINE,24,NaN,338,8.112,I
29-Dec-2006,68-20RD,I,NaN,NaN,NaN,NaN,12,8,POLYLINE,24,NaN,321,7.704,I
30-Dec-2006,68-20RD,I,0,0,NaN,NaN,12,8,POLYLINE,24,NaN,311,7.464,I
31-Dec-2006,68-20RD,I,NaN,NaN,NaN,NaN,12,8,POLYLINE,24,NaN,310,7.44,I
