Date,Wellname,Status,Enthalpy,WHP_psig_,Temp_F_,CVP__open,LineID,Orifice,P1_Prod,DP_Prod,HrsToPlant,HrsToSilencer,TotMassRate,SteamRate,CumMass_24hr,BTU_day,MW,HP_SteamPressure,PressureForLP,Status_orig
01-Jan-2006,16A-20,F,678,104,326,100,13.25,11,82,8.5,24,0,91.97308,41.28022,2.207354,1496.586,2.582686,55,0,F
01-Jan-2006,16B-20,F,790,110,338,40,12,8.5,100,28.1,24,0,75.75051,43.31459,1.818012,1436.23,2.620789,55,0,F
02-Jan-2006,16A-20,F,678,104,326,100,13.25,11,82,8.5,24,0,91.97308,41.28022,2.207354,1496.586,2.591895,55,0,F
02-Jan-2006,16B-20,F,790,104,338,40,12,8.5,100,28.2,24,0,75.88313,43.39042,1.821195,1438.744,2.634738,55,0,F
03-Jan-2006,16A-20,F,678,100,326,100,13.25,11,82,8.5,24,0,91.97308,41.21236,2.207354,1496.586,2.604803,56,0,F
03-Jan-2006,16B-20,F,790,104,338,40,12,8.5,99,27.7,24,0,74.84991,42.75195,1.796398,1419.154,2.612897,56,0,F
04-Jan-2006,16A-20,F,678,100,326,100,13.25,11,82,8.5,24,0,91.97308,41.1452,2.207354,1496.586,2.574805,57,0,F
04-Jan-2006,16B-20,F,790,110,337,40,12,8.5,98,27.5,24,0,74.21565,42.34294,1.781176,1407.129,2.561982,57,0,F
05-Jan-2006,16A-20,F,678,100,326,100,13.25,11,82,8.5,24,0,91.97308,41.1452,2.207354,1496.586,2.550768,57,0,F
05-Jan-2006,16B-20,F,790,100,339,40,12,8.5,88,28,24,0,71.08979,40.55951,1.706155,1347.862,2.431165,57,0,F
06-Jan-2006,16A-20,F,678,100,326,100,13.25,11,82,8.4,24,0,91.43491,40.90444,2.194438,1487.829,2.574981,57,0,F
06-Jan-2006,16B-20,F,790,105,337,40,12,8.5,98,27.9,24,0,74.74525,42.64509,1.793886,1417.17,2.595628,57,0,F
07-Jan-2006,16A-20,F,678,100,326,100,13.25,11,82,8.5,24,0,91.97308,41.21236,2.207354,1496.586,2.62139,56,0,F
07-Jan-2006,16B-20,F,790,105,336,40,12,8.5,98,27.6,24,0,74.34843,42.46552,1.784362,1409.646,2.611918,56,0,F
08-Jan-2006,16A-20,F,678,100,326,100,13.25,11,82,8.4,24,0,91.43491,41.03867,2.194438,1487.829,2.530222,55,0,F
08-Jan-2006,16B-20,F,790,110,337,40,12,8.5,99,27.5,24,0,74.58325,42.64714,1.789998,1414.099,2.542866,55,0,F
09-Jan-2006,16A-20,F,678,100,326,100,13.25,11,82,8.4,24,0,91.43491,41.03867,2.194438,1487.829,2.648557,55,0,F
09-Jan-2006,16B-20,F,790,100,337,40,12,8.5,99,27.8,24,0,74.98285,42.87563,1.799588,1421.675,2.676054,55,0,F
10-Jan-2006,16A-20,F,678,105,326,100,13.25,11,82,8.4,24,0,91.43491,40.7729,2.194438,1487.829,2.6666,59,0,F
10-Jan-2006,16B-20,F,790,110,337,40,12,8.5,99,27.3,24,0,74.31559,42.30778,1.783574,1409.024,2.674726,59,0,F
11-Jan-2006,16A-20,F,678,108,326,100,13.25,11,82,8.5,24,0,91.97308,41.07871,2.207354,1496.586,2.662165,58,0,F
11-Jan-2006,16B-20,F,790,100,338,40,12,8.5,99,27.4,24,0,74.44955,42.42997,1.786789,1411.563,2.65835,58,0,F
12-Jan-2006,16A-20,F,678,110,326,100,13.25,11,82,8.4,24,0,91.43491,40.90444,2.194438,1487.829,2.639997,57,0,F
12-Jan-2006,16B-20,F,790,95,338,40,12,8.5,99,27.9,24,0,75.11555,42.85636,1.802773,1424.191,2.67435,57,0,F
13-Jan-2006,16A-20,F,678,110,326,100,13.25,11,82,8.4,24,0,91.43491,40.90444,2.194438,1487.829,2.654289,57,0,F
13-Jan-2006,16B-20,F,790,95,337,40,12,8.5,99,27.3,24,0,74.31559,42.39996,1.783574,1409.024,2.660193,57,0,F
14-Jan-2006,16A-20,F,678,110,326,100,13.25,11,82,8.5,24,0,91.97308,41.21236,2.207354,1496.586,2.670601,56,0,F
14-Jan-2006,16B-20,F,790,100,338,40,12,8.5,100,27.5,24,0,74.94953,42.80886,1.798789,1421.043,2.682465,56,0,F
15-Jan-2006,16A-20,F,678,100,326,100,13.25,11,82,8.5,24,0,91.97308,41.28022,2.207354,1496.586,2.721212,55,0,F
15-Jan-2006,16B-20,F,790,100,338,40,12,8.5,99,27.8,24,0,74.98285,42.87563,1.799588,1421.675,2.733374,55,0,F
16-Jan-2006,16A-20,F,678,108,326,100,13.25,11,82,8.4,24,0,91.43491,41.03867,2.194438,1487.829,2.720521,55,0,F
16-Jan-2006,16B-20,F,790,110,338,40,12,8.5,99,27,24,0,73.91216,42.26341,1.773892,1401.375,2.709515,55,0,F
17-Jan-2006,16A-20,F,678,110,326,100,13.25,11,82,8.5,24,0,91.97308,41.1452,2.207354,1496.586,2.711649,57,0,F
17-Jan-2006,16B-20,F,790,95,338,40,12,8.5,100,27.3,24,0,74.68052,42.60816,1.792333,1415.943,2.715044,57,0,F
18-Jan-2006,16A-20,F,678,100,326,100,13.25,11,82,8.5,24,0,91.97308,41.21236,2.207354,1496.586,2.659069,56,0,F
18-Jan-2006,16B-20,F,790,108,338,37,12,8.5,99,28,24,0,75.248,42.97933,1.805952,1426.702,2.681517,56,0,F
19-Jan-2006,16A-20,F,678,100,326,100,13.25,11,82,8.6,24,0,92.50803,41.45206,2.220193,1505.291,2.678309,56,0,F
19-Jan-2006,16B-20,F,790,103,338,37,12,8.5,99,26.7,24,0,73.50639,41.98458,1.764153,1393.681,2.62315,56,0,F
20-Jan-2006,16A-20,F,678,100,326,100,13.25,11,82,8.5,24,0,91.97308,41.21236,2.207354,1496.586,2.7019,56,0,F
20-Jan-2006,16B-20,F,790,110,338,37,12,8.5,100,27.4,24,0,74.81516,42.73211,1.795564,1418.495,2.709038,56,0,F
21-Jan-2006,16A-20,F,678,100,326,100,13.25,11,82,8.5,24,0,91.97308,41.28022,2.207354,1496.586,2.65131,55,0,F
21-Jan-2006,16B-20,F,790,110,338,37,12,8.5,100,27,24,0,74.27505,42.47091,1.782601,1408.255,2.638021,55,0,F
22-Jan-2006,16A-20,F,678,104,326,100,13.25,11,82,8.5,24,0,91.97308,41.28022,2.207354,1496.586,2.653705,55,0,F
22-Jan-2006,16B-20,F,790,105,338,37,12,8.5,100,27.2,24,0,74.54562,42.62563,1.789095,1413.385,2.650023,55,0,F
23-Jan-2006,16A-20,F,678,100,326,100,13.25,11,82,8.6,24,0,92.50803,41.65902,2.220193,1505.291,2.590127,53,0,F
23-Jan-2006,16B-20,F,790,110,338,37,12,8.5,100,27,24,0,74.27505,42.5671,1.782601,1408.255,2.560081,53,0,F
24-Jan-2006,16A-20,F,678,100,326,100,13.25,11,88,8.7,24,0,96.36708,43.18127,2.31281,1568.085,2.735794,56,0,F
24-Jan-2006,16B-20,F,790,105,338,37,12,8.5,99,26.7,24,0,73.50639,41.98458,1.764153,1393.681,2.572152,56,0,F
25-Jan-2006,16A-20,F,678,100,326,100,13.25,11,82,8.8,24,0,93.56843,41.92722,2.245642,1522.545,2.689573,56,0,F
25-Jan-2006,16B-20,F,790,105,338,37,12,8.5,99,27.1,24,0,74.0469,42.2933,1.777125,1403.929,2.62348,56,0,F
26-Jan-2006,16A-20,F,678,110,326,100,13.25,11,82,8.8,24,0,93.56843,41.85889,2.245642,1522.545,2.694584,57,0,F
26-Jan-2006,16B-20,F,790,100,338,37,12,8.5,100,26.7,24,0,73.86723,42.14415,1.772814,1400.523,2.623077,57,0,F
27-Jan-2006,16A-20,F,678,102,326,100,13.25,11,82,8.7,24,0,93.03979,41.69034,2.232955,1513.943,2.718189,56,0,F
27-Jan-2006,16B-20,F,790,110,338,37,12,8.5,99,26.9,24,0,73.77716,42.13924,1.770652,1398.815,2.656744,56,0,F
28-Jan-2006,16A-20,F,678,102,326,100,13.25,11,82,8.5,24,0,91.97308,41.21236,2.207354,1496.586,2.69831,56,0,F
28-Jan-2006,16B-20,F,790,108,338,37,12,8.5,100,26.8,24,0,74.00344,42.26848,1.776083,1403.105,2.676085,56,0,F
29-Jan-2006,16A-20,F,678,100,326,10,13.25,11,82,8.6,24,0,92.50803,41.52032,2.220193,1505.291,2.717427,55,0,F
29-Jan-2006,16B-20,F,790,105,338,37,12,8.5,99,26.7,24,0,73.50639,42.03138,1.764153,1393.681,2.660352,55,0,F
30-Jan-2006,16A-20,F,678,108,326,100,13.25,11,82,8.5,24,0,91.97308,41.21236,2.207354,1496.586,2.654215,56,0,F
30-Jan-2006,16B-20,F,790,100,338,37,12,8.5,99,26.9,24,0,73.77716,42.13924,1.770652,1398.815,2.624304,56,0,F
31-Jan-2006,16A-20,F,678,104,326,100,13.25,11,82,8.5,24,0,91.97308,41.21236,2.207354,1496.586,2.697691,56,0,F
31-Jan-2006,16B-20,F,790,105,337,37,12,8.5,99,26.4,24,0,73.09822,41.75145,1.754357,1385.942,2.642744,56,0,F
01-Feb-2006,16A-20,F,678,100,326,100,13.25,11,82,8.2,24,0,90.34862,40.41848,2.168367,1470.153,2.60632,57,0,F
01-Feb-2006,16B-20,F,790,100,338,37,12,8.5,100,27,24,0,74.27505,42.37683,1.782601,1408.255,2.642081,57,0,F
02-Feb-2006,16A-20,F,678,100,326,100,13.25,11,82,8.4,24,0,91.43491,40.90444,2.194438,1487.829,2.615158,57,0,F
02-Feb-2006,16B-20,F,790,100,337,37,12,8.5,99,26.4,24,0,73.09822,41.7054,1.754357,1385.942,2.57804,57,0,F
03-Feb-2006,16A-20,F,678,100,326,100,13.25,11,82,8.3,24,0,90.89344,40.72858,2.181443,1479.018,2.632826,56,0,F
03-Feb-2006,16B-20,F,790,100,338,37,12,8.5,99,27,24,0,73.91216,42.21634,1.773892,1401.375,2.638897,56,0,F
04-Feb-2006,16A-20,F,678,100,326,100,13.25,11,82,8.4,24,0,91.43491,40.97121,2.194438,1487.829,2.702209,56,0,F
04-Feb-2006,16B-20,F,790,100,338,37,12,8.5,99,26.3,24,0,72.96163,41.67343,1.751079,1383.353,2.657776,56,0,F
05-Feb-2006,16A-20,F,678,100,326,100,13.25,11,82,8.5,24,0,91.97308,41.3488,2.207354,1496.586,2.635988,54,0,F
05-Feb-2006,16B-20,F,790,110,337,37,12,8.5,98,26.7,24,0,73.14423,41.8714,1.755462,1386.815,2.581759,54,0,F
06-Feb-2006,16A-20,F,678,105,326,100,13.25,11,82,8.5,24,0,91.97308,41.3488,2.207354,1496.586,2.75569,54,0,F
06-Feb-2006,16B-20,F,790,109,337,37,12,8.5,100,27,24,0,74.27505,42.51873,1.782601,1408.255,2.740726,54,0,F
07-Feb-2006,16A-20,F,678,105,326,100,13.25,11,82,8.5,24,0,91.97308,41.21236,2.207354,1496.586,2.673008,56,0,F
07-Feb-2006,16B-20,F,790,110,337,37,12,8.5,100,26.7,24,0,73.86723,42.19068,1.772814,1400.523,2.646112,56,0,F
08-Feb-2006,16A-20,F,678,100,326,100,13.25,11,82,8.4,24,0,91.43491,40.97121,2.194438,1487.829,2.670382,56,0,F
08-Feb-2006,16B-20,F,790,100,338,37,12,8.5,100,27.1,24,0,74.41047,42.50096,1.785851,1410.823,2.678628,56,0,F
09-Feb-2006,16A-20,F,678,100,327,100,13.25,11,84,8.7,24,0,94.15684,42.05406,2.259764,1532.12,2.519246,58,0,F
09-Feb-2006,16B-20,F,790,100,338,37,12,8.5,99,25.2,22.55,0.67,71.44087,40.71528,1.658857,1310.497,2.215524,58,0,F
10-Feb-2006,16A-20,F,678,112,327,100,13.25,11,83,10.3,24,0,101.7648,45.67505,2.442356,1655.917,2.923526,55,0,F
10-Feb-2006,16B-20,F,790,102,338,37,12,8.5,100,27.6,24,0,75.08366,42.93328,1.802008,1423.586,2.657603,55,0,F
11-Feb-2006,16A-20,F,678,110,327,100,13.25,11,83,9.9,24,0,99.78844,44.86238,2.394922,1623.757,2.923041,54,0,F
11-Feb-2006,16B-20,F,790,110,338,37,12,8.5,100,27.7,24,0,75.21753,43.05825,1.805221,1426.124,2.71348,54,0,F
12-Feb-2006,16A-20,F,678,100,326,100,13.25,11,82,9.9,24,0,99.19128,44.59392,2.380591,1614.041,2.8954,54,0,F
12-Feb-2006,16B-20,F,790,120,338,37,12,8.5,100,27.6,24,0,75.08366,42.98162,1.802008,1423.586,2.699189,54,0,F
13-Feb-2006,16A-20,F,678,100,326,100,13.25,11,83,9.7,24,0,98.78482,44.26464,2.370836,1607.427,2.855285,56,0,F
13-Feb-2006,16B-20,F,790,110,338,37,12,8.5,99,27.1,24,0,74.0469,42.2933,1.777125,1403.929,2.63805,56,0,F
14-Feb-2006,16A-20,F,678,100,326,100,13.25,11,83,9.5,24,0,97.77052,43.73875,2.346493,1590.922,2.87361,57,0,F
14-Feb-2006,16B-20,F,790,100,338,37,12,8.5,100,27.4,24,0,74.81516,42.68497,1.795564,1418.495,2.71148,57,0,F
15-Feb-2006,16A-20,F,678,100,326,100,13.25,11,83,9.4,24,0,97.25925,43.51003,2.334222,1582.602,2.872402,57,0,F
15-Feb-2006,16B-20,F,790,105,339,37,12,8.5,100,27.5,24,0,74.94953,42.76164,1.798789,1421.043,2.729482,57,0,F
16-Feb-2006,16A-20,F,678,100,326,100,13.25,11,82,9.3,24,0,96.16653,43.02119,2.307997,1564.822,2.81759,57,0,F
16-Feb-2006,16B-20,F,790,105,339,37,12,8.5,101,27.6,24,0,75.4493,43.04678,1.810783,1430.519,2.725875,57,0,F
17-Feb-2006,16A-20,F,678,100,320,100,13.25,11,82,9.2,24,0,95.65276,42.86119,2.295666,1556.462,2.743406,56,0,F
17-Feb-2006,16B-20,F,790,105,338,35,12,8.5,101,27.1,24,0,74.77275,42.70789,1.794546,1417.691,2.643339,56,0,F
18-Feb-2006,16A-20,F,678,110,326,100,13.25,11,82,9.2,24,0,95.65276,42.86119,2.295666,1556.462,2.789691,56,0,F
18-Feb-2006,16B-20,F,790,110,339,35,12,8.5,101,27.5,24,0,75.31451,43.01732,1.807548,1427.963,2.707411,56,0,F
19-Feb-2006,16A-20,F,678,110,326,100,13.25,11,82,9.2,24,0,95.65276,42.93177,2.295666,1556.462,2.825253,55,0,F
19-Feb-2006,16B-20,F,790,105,339,35,12,8.5,101,27.6,24,0,75.4493,43.14235,1.810783,1430.519,2.745684,55,0,F
20-Feb-2006,16A-20,F,678,102,326,100,13.25,11,82,9.1,24,0,95.13612,42.77082,2.283267,1548.055,2.815702,54,0,F
20-Feb-2006,16B-20,F,790,100,339,35,12,8.5,101,27.9,24,0,75.85217,43.42155,1.820452,1438.157,2.76479,54,0,F
21-Feb-2006,16A-20,F,678,100,326,100,13.25,11,82,9.4,24,0.6,96.67748,43.32036,2.378266,1612.464,2.786539,56,0,F
21-Feb-2006,16B-20,F,790,102,337,35,12,8.5,98,29.4,23.4,0.6,76.69666,43.80676,1.84072,1454.169,2.65667,56,0,F
22-Feb-2006,16A-20,F,678,105,326,100,13.25,11,83,9.5,24,0.6,97.77052,44.41014,2.405155,1630.695,2.828767,48,0,F
22-Feb-2006,16B-20,F,790,100,337,35,12,8.5,98,30,24,0,77.46256,44.65531,1.859102,1468.69,2.753022,48,0,F
23-Feb-2006,16A-20,F,678,100,326,100,13.25,11,83,9.3,24,0,96.74519,43.71542,2.321885,1574.238,2.625508,51,0,F
23-Feb-2006,16B-20,F,790,110,336,35,12,8.5,97,29.1,24,0,75.93095,43.61673,1.822343,1439.651,2.534545,51,0,F
24-Feb-2006,16A-20,F,678,105,326,100,13.25,11,83,9.2,24,0,96.22826,43.40768,2.309478,1565.826,2.738295,52,0,F
24-Feb-2006,16B-20,F,790,105,337,35,12,8.5,97,29.3,24,0,76.18722,43.71315,1.828493,1444.51,2.66774,52,0,F
25-Feb-2006,16A-20,F,678,150,326,100,13.25,11,83,9.2,24,0,96.22826,43.26182,2.309478,1565.826,2.786975,54,0,F
25-Feb-2006,16B-20,F,790,100,337,35,12,8.5,97,29.5,24,0,76.44257,43.75953,1.834622,1449.351,2.726583,54,0,F
26-Feb-2006,16A-20,F,678,105,326,100,13.25,11,83,8.9,24,0,94.65997,42.55676,2.271839,1540.307,2.71541,54,0,F
26-Feb-2006,16B-20,F,790,100,336,35,12,8.5,97,29.1,24,0,75.93095,43.46665,1.822343,1439.651,2.682507,54,0,F
27-Feb-2006,16A-20,F,678,102,326,100,13.25,11,83,8.8,24,0,94.1312,42.17939,2.259149,1531.703,2.67591,56,0,F
27-Feb-2006,16B-20,F,790,98,336,35,12,8.5,97,29,24,0,75.80247,43.29603,1.819259,1437.215,2.656062,56,0,F
28-Feb-2006,16A-20,F,678,100,326,100,13.25,11,83,8.8,24,0,94.1312,42.17939,2.259149,1531.703,2.638412,56,0,F
28-Feb-2006,16B-20,F,790,100,336,35,12,8.5,97,28.9,24,0,75.67377,43.22252,1.81617,1434.775,2.614395,56,0,F
01-Mar-2006,16A-20,F,678,102,326,100,13.25,11,82,8.8,24,0,93.56843,41.92722,2.245642,1522.545,2.567895,56,0,F
01-Mar-2006,16B-20,F,790,100,336,35,12,8.5,97,29,24,0,75.80247,43.29603,1.819259,1437.215,2.564178,56,0,F
02-Mar-2006,16A-20,F,678,102,326,100,13.25,11,82,8.9,24,0,94.09399,42.16272,2.258256,1531.097,2.61475,56,0,F
02-Mar-2006,16B-20,F,790,100,336,35,12,8.5,97,28.9,24,0,75.67377,43.22252,1.81617,1434.775,2.591973,56,0,F
03-Mar-2006,16A-20,F,678,102,326,100,13.25,11,82,8.8,24,0,93.56843,41.92722,2.245642,1522.545,2.58465,56,0,F
03-Mar-2006,16B-20,F,790,108,336,35,12,8.5,97,28.9,24,0,75.67377,43.22252,1.81617,1434.775,2.576527,56,0,F
04-Mar-2006,16A-20,F,678,102,326,100,13.25,11,82,8.8,24,0,93.56843,42.06602,2.245642,1522.545,2.633794,54,0,F
04-Mar-2006,16B-20,F,790,108,337,35,12,8.5,97,28.8,24,0,75.54482,43.24561,1.813076,1432.33,2.618847,54,0,F
05-Mar-2006,16A-20,F,678,110,326,100,13.25,11,82,8.8,24,0,93.56843,42.06602,2.245642,1522.545,2.735638,54,0,F
05-Mar-2006,16B-20,F,790,108,336,35,12,8.5,97,28.5,24,0,75.15657,43.02336,1.803758,1424.969,2.706133,54,0,F
06-Mar-2006,16A-20,F,774,102,325,100,13.25,11,81,9.1,24,0,80.18736,44.39064,1.924497,1489.56,2.687532,56,0,F
06-Mar-2006,16B-20,F,628,100,334,35,12,8.5,93,28.1,22.6,1.1,98.51266,38.72988,2.33475,1466.223,2.323149,56,0,F
07-Mar-2006,16A-20,F,774,96,321,100,13.25,11,65,4.6,23,1,51.65375,28.59482,1.23969,959.5201,1.620458,56,0,F
07-Mar-2006,16B-20,F,628,102,332,35,12,8.5,89,34.2,24,0,106.0017,41.67416,2.54404,1597.657,2.59282,56,0,F
08-Mar-2006,16A-20,F,774,98,323,100,13.25,11,78,12.5,24,0,92.17452,51.02658,2.212188,1712.234,3.045691,56,0,F
08-Mar-2006,16B-20,F,628,110,335,32,12,8.5,95,29.6,24,0,102.2106,40.18369,2.453053,1540.517,2.523544,56,0,F
09-Mar-2006,16A-20,F,774,100,324,100,13.25,11,79,11.2,24,0,87.82996,48.62149,2.107919,1631.529,3.039329,56,0,F
09-Mar-2006,16B-20,F,628,110,335,32,12,8.5,96,29.1,24,0,101.9237,40.07092,2.446169,1536.194,2.635424,56,0,F
10-Mar-2006,16A-20,F,774,98,323,100,13.25,11,79,10.8,24,0,86.26461,47.75493,2.070351,1602.451,2.948582,56,0,F
10-Mar-2006,16B-20,F,628,110,336,32,12,8.5,97,29.3,24,0,102.8338,40.42873,2.468012,1549.911,2.626374,56,0,F
11-Mar-2006,16A-20,F,774,96,323,100,13.25,11,79,10.6,24,0,85.4707,47.37109,2.051297,1587.704,2.919164,55,0,F
11-Mar-2006,16B-20,F,628,105,336,32,12,8.5,97,29.2,24,0,102.661,40.44117,2.463865,1547.307,2.621549,55,0,F
12-Mar-2006,16A-20,F,774,97,323,100,13.25,11,79,10.2,24,0,83.85936,46.53324,2.012625,1557.771,2.880994,54,0,F
12-Mar-2006,16B-20,F,628,105,336,32,12,8.5,97,29.1,24,0,102.4879,40.45406,2.45971,1544.698,2.634193,54,0,F
13-Mar-2006,16A-20,F,774,108,322,100,13.25,11,75,11.5,18.3,5.7,86.85247,48.08036,2.084459,1613.371,2.135491,56,0,F
13-Mar-2006,16B-20,F,628,105,337,30,12,8.5,98,33.6,18.4,5.6,110.5954,43.48018,2.65429,1666.894,2.042959,56,0,F
14-Mar-2006,16A-20,F,774,105,323,100,13.25,11,78,10.2,24,0,83.3609,46.20176,2.000662,1548.512,2.814423,55,0,F
14-Mar-2006,16B-20,F,628,110,335,32,12,8.5,95,29.1,24,0,101.3579,39.92783,2.43259,1527.666,2.558561,55,0,F
15-Mar-2006,16A-20,F,774,96,323,100,13.25,11,79,10,24,0,83.04147,46.02472,1.992995,1542.578,2.793694,55,0,F
15-Mar-2006,16B-20,F,628,100,335,32,12,8.5,96,29,24,0,101.7513,40.08279,2.442031,1533.595,2.559381,55,0,F
16-Mar-2006,16A-20,F,774,96,323,100,13.25,11,79,10,24,0,83.04147,46.02472,1.992995,1542.578,2.820406,55,0,F
16-Mar-2006,16B-20,F,628,100,335,32,12,8.5,96,29,24,0,101.7513,40.08279,2.442031,1533.595,2.583852,55,0,F
17-Mar-2006,16A-20,F,774,96,323,100,13.25,11,79,10,24,0,83.04147,46.02472,1.992995,1542.578,3.002422,55,0,F
17-Mar-2006,16B-20,F,628,102,335,32,12,8.5,95,28.5,24,0,100.3245,39.52074,2.407788,1512.091,2.712033,55,0,F
18-Mar-2006,16A-20,F,774,96,323,100,13.25,11,79,10,24,0,83.04147,46.02472,1.992995,1542.578,3.002422,55,0,F
18-Mar-2006,16B-20,F,628,102,335,32,12,8.5,95,28.5,24,0,100.3245,39.52074,2.407788,1512.091,2.712033,55,0,F
19-Mar-2006,16A-20,F,774,92,323,100,13.25,11,79,9.9,24,0,82.68024,45.84266,1.984326,1535.074,2.863816,54,0,F
19-Mar-2006,16B-20,F,628,98,336,33,12,8.5,96,28.8,24,0,101.3136,40.03498,2.431526,1527.971,2.629633,54,0,F
20-Mar-2006,16A-20,F,774,92,323,100,13.25,11,79,9.8,24,0,82.21511,45.62085,1.973163,1527.228,2.778437,54,0,F
20-Mar-2006,16B-20,F,628,98,336,33,12,8.5,97,28.1,24,0,100.7395,39.7639,2.417747,1518.345,2.547021,54,0,F
21-Mar-2006,16A-20,F,774,95,323,100,13.25,11,79,9.8,24,0,82.21511,45.67559,1.973163,1527.228,2.821359,53,0,F
21-Mar-2006,16B-20,F,628,110,335,33,12,8.5,97,27.9,24,0,100.3859,39.70459,2.409261,1513.016,2.578922,53,0,F
22-Mar-2006,16A-20,F,774,95,323,100,13.25,11,79,9.9,24,0,82.68024,45.89774,1.984326,1535.074,2.828548,53,0,F
22-Mar-2006,16B-20,F,628,110,336,33,12,8.5,97,28.2,24,0,100.8241,39.92214,2.419779,1520.589,2.586329,53,0,F
23-Mar-2006,16A-20,F,774,95,323,100,13.25,11,79,9.9,24,0,82.62936,45.90573,1.983105,1534.923,2.832289,53,0,F
23-Mar-2006,16B-20,F,628,105,336,33,12,8.5,96,28.4,24,0,100.7101,39.83281,2.417042,1517.902,2.584251,53,0,F
24-Mar-2006,16A-20,F,774,97,323,100,13.25,11,78,10,24,0,82.54796,45.80555,1.981151,1533.411,2.833981,54,0,F
24-Mar-2006,16B-20,F,628,110,335,33,12,8.5,95,28.7,24,0,100.6702,39.73658,2.416086,1517.302,2.585685,54,0,F
25-Mar-2006,16A-20,F,774,96,323,100,13.25,11,78,9.9,24,0,82.13835,45.57825,1.97132,1525.802,3.026601,54,0,F
25-Mar-2006,16B-20,F,628,100,335,33,12,8.5,95,28.5,24,0,100.3245,39.60011,2.407788,1512.091,2.76567,54,0,F
26-Mar-2006,16A-20,F,774,94,323,100,13.25,11,78,10,24,0,82.54796,45.80555,1.981151,1533.411,2.863155,54,0,F
26-Mar-2006,16B-20,F,628,108,335,33,12,8.5,95,28.6,24,0,100.4975,39.6684,2.411941,1514.699,2.607822,54,0,F
27-Mar-2006,16A-20,F,774,98,323,100,13.25,11,79,9.8,24,0,82.21511,45.62085,1.973163,1527.228,2.792956,54,0,F
27-Mar-2006,16B-20,F,628,105,335,33,12,8.5,95,27.9,24,0,99.27965,39.18768,2.382711,1496.343,2.523229,54,0,F
28-Mar-2006,16A-20,F,774,95,323,100,13.25,11,79,9.7,24,0,81.79868,45.38977,1.963168,1519.492,2.816019,54,0,F
28-Mar-2006,16B-20,F,628,110,336,33,12,8.5,97,27.8,24,0,100.2086,39.55435,2.405006,1510.344,2.580942,54,0,F
29-Mar-2006,16A-20,F,774,96,323,100,13.25,11,79,9.8,24,0,82.21511,45.62085,1.973163,1527.228,2.839228,54,0,F
29-Mar-2006,16B-20,F,628,100,336,33,12,8.5,97,28.1,24,0,100.7395,39.7639,2.417747,1518.345,2.602749,54,0,F
30-Mar-2006,16A-20,F,774,98,324,100,13.25,11,79,9.7,24,0,81.79868,45.38977,1.963168,1519.492,2.814212,54,0,F
30-Mar-2006,16B-20,F,628,102,336,33,12,8.5,96,27.8,24,0,99.65726,39.33673,2.391774,1502.034,2.565095,54,0,F
31-Mar-2006,16A-20,F,774,97,324,100,13.25,11,79,9.6,24,0,81.38002,45.15746,1.95312,1511.715,2.844214,54,0,F
31-Mar-2006,16B-20,F,628,103,337,33,12,8.5,97,27.4,24,0,99.49608,39.27311,2.387906,1499.605,2.601564,54,0,F
01-Apr-2006,16A-20,F,774,94,323,100,13.25,11,79,9.8,24,0,82.21511,45.78699,1.973163,1527.228,2.85082,51,0,F
01-Apr-2006,16B-20,F,628,100,336,33,12,8.5,97,28.3,24,0,101.0917,40.14808,2.426202,1523.655,2.62753,51,0,F
02-Apr-2006,16A-20,F,774,96,322,100,13.25,11,77,10,24,0,82.05225,45.75288,1.969254,1524.203,2.647079,50,0,F
02-Apr-2006,16B-20,F,628,108,335,33,12,8.5,95,29,24,0,101.1865,40.26933,2.428475,1525.082,2.448463,50,0,F
03-Apr-2006,16A-20,F,774,95,325,100,13.25,11,82,10.3,22.4,1.6,85.75497,47.6422,2.058119,1592.984,2.577229,53,0,F
03-Apr-2006,16B-20,F,628,100,334,33,12,8.5,94,29.6,22.5,1.5,101.6382,40.19991,2.439317,1531.891,2.296911,53,0,F
04-Apr-2006,16A-20,F,774,96,322,100,13.25,11,76,11.1,24,0,85.8738,48.00449,2.060971,1595.192,2.779501,48,0,F
04-Apr-2006,16B-20,F,628,105,335,33,12,8.5,94,29.5,24,0,101.4693,40.55256,2.435263,1529.345,2.466624,48,0,F
05-Apr-2006,16A-20,F,774,100,323,100,13.25,11,78,10.3,24,0,83.76429,46.70752,2.010343,1556.005,2.705571,50,0,F
05-Apr-2006,16B-20,F,628,110,336,33,12,8.5,96,28.9,24,0,101.5785,40.42536,2.437885,1530.992,2.460915,50,0,F
06-Apr-2006,16A-20,F,774,104,323,100,13.25,11,78,10.1,24,0,82.95547,46.0869,1.990931,1540.981,2.907154,53,0,F
06-Apr-2006,16B-20,F,628,108,336,32,12,8.5,96,28.8,24,0,101.4055,40.10786,2.433732,1528.383,2.660377,53,0,F
07-Apr-2006,16A-20,F,774,98,323,100,13.25,11,79,10,24,0,83.04147,46.13469,1.992995,1542.578,2.806419,53,0,F
07-Apr-2006,16B-20,F,628,108,335,32,12,8.5,96,29,24,0,101.7513,40.24464,2.442031,1533.595,2.574282,53,0,F
08-Apr-2006,16A-20,F,774,95,318,100,13.25,11,73,11.2,24,0,84.65882,48.18679,2.031812,1572.622,2.784732,35,0,F
08-Apr-2006,16B-20,F,628,108,335,32,12,8.5,96,31,24,0,105.1427,43.29094,2.523424,1584.71,2.621091,35,0,F
09-Apr-2006,16A-20,F,774,100,323,100,13.25,11,78,9.5,24,0,80.4782,45.22364,1.931477,1494.963,2.621691,44,0,F
09-Apr-2006,16B-20,F,628,112,335,32,12,8.5,78,9.5,24,0,52.60722,21.20828,1.262573,792.8959,1.290544,44,0,F
10-Apr-2006,16A-20,F,774,100,323,100,13.25,11,78,9.5,14.1,9.9,80.4782,45.22364,1.931477,1494.963,1.537742,44,0,F
10-Apr-2006,16B-20,F,628,112,335,32,12,8.5,78,9.5,14.1,9.9,52.60722,21.20828,1.262573,792.8959,0.7569635,44,0,F
11-Apr-2006,16A-20,F,774,102,323,100,13.25,11,78,10.3,24,0,83.76429,46.76602,2.010343,1556.005,2.704861,49,0,F
11-Apr-2006,16B-20,F,628,102,336,30,12,8.5,96,29.1,24,0,101.9237,40.64795,2.446169,1536.194,2.470237,49,0,F
12-Apr-2006,16A-20,F,774,79,323,100,13.25,11,79,9.9,24,0,82.62936,46.82224,1.983105,1534.923,2.896069,38,0,F
12-Apr-2006,16B-20,F,628,96,336,40,12,8.5,96,28.6,24,0,101.0584,41.30696,2.425402,1523.152,2.678491,38,0,F
13-Apr-2006,16A-20,F,774,79,324,100,13.25,11,79,9.9,24,0,82.62936,46.01769,1.983105,1534.923,2.919778,51,0,F
13-Apr-2006,16B-20,F,628,96,335,40,12,8.5,96,28.3,24,0,100.5354,39.92714,2.41285,1515.27,2.662861,51,0,F
14-Apr-2006,16A-20,F,774,79,324,100,13.25,11,79,9.9,24,0,82.62936,46.13238,1.983105,1534.923,2.846046,49,0,F
14-Apr-2006,16B-20,F,628,95,335,40,12,8.5,95,27.9,24,0,99.27965,39.59347,2.382711,1496.343,2.566522,49,0,F
15-Apr-2006,16A-20,F,774,98,324,100,13.25,11,79,9.9,24,0,82.62936,46.07468,1.983105,1534.923,2.847236,50,0,F
15-Apr-2006,16B-20,F,628,104,335,28,12,8.5,96,28.1,24,0,100.1851,39.87083,2.404443,1509.99,2.589327,50,0,F
16-Apr-2006,16A-20,F,774,80,324,100,13.25,11,80,9.8,24,0,82.75248,46.10714,1.98606,1536.416,2.86791,50,0,F
16-Apr-2006,16B-20,F,628,97,336,30,12,8.5,97,28.2,24,0,100.8241,40.16923,2.419779,1520.589,2.62505,50,0,F
17-Apr-2006,16A-20,F,774,79,323,100,13.25,11,79,9.9,24,0,82.62936,46.13238,1.983105,1534.923,2.66296,49,0,F
17-Apr-2006,16B-20,F,628,96,336,30,12,8.5,96,28.3,24,0,100.5354,40.09428,2.41285,1515.27,2.431793,49,0,F
18-Apr-2006,16A-20,F,774,79,324,100,13.25,11,79,9.7,24,0,81.79868,45.66861,1.963168,1519.492,2.835894,49,0,F
18-Apr-2006,16B-20,F,628,96,336,30,12,8.5,96,28.4,24,0,100.7101,40.16394,2.417042,1517.902,2.620559,49,0,F
19-Apr-2006,16A-20,F,774,100,324,100,13.25,11,79,9.8,24,0,82.21511,45.84369,1.973163,1527.228,2.87553,50,0,F
19-Apr-2006,16B-20,F,628,110,335,30,12,8.5,96,28.3,24,0,100.5354,40.01023,2.41285,1515.27,2.637424,50,0,F
20-Apr-2006,16A-20,F,774,102,324,100,13.25,11,79,9.8,24,0,82.21511,45.78699,1.973163,1527.228,2.790582,51,0,F
20-Apr-2006,16B-20,F,628,110,336,30,12,8.5,96,28.5,24,0,100.8844,40.06574,2.421226,1520.53,2.566736,51,0,F
21-Apr-2006,16A-20,SI,774,100,324,100,13.25,11,76,9.8,23.9,0,80.74302,44.96715,1.929758,1493.633,2.579747,51,0,SI
21-Apr-2006,16B-20,SI,628,102,335,30,12,8.5,95,28.5,23.5,0,100.3245,39.84338,2.357626,1480.589,2.362453,51,0,SI
22-Apr-2006,16A-20,SI,774,190,NaN,NaN,13.25,11,NaN,0,0,0,NaN,NaN,NaN,NaN,NaN,0,0,SI
22-Apr-2006,16B-20,SI,628,270,NaN,NaN,12,8.5,NaN,0,0,0,NaN,NaN,NaN,NaN,NaN,0,0,SI
23-Apr-2006,16A-20,SI,774,0,0,0,13.25,11,0,0,0,0,NaN,NaN,NaN,NaN,NaN,0,0,SI
23-Apr-2006,16B-20,SI,628,0,0,0,12,8.5,0,0,0,0,NaN,NaN,NaN,NaN,NaN,0,0,SI
24-Apr-2006,16A-20,F,774,72,303,100,13.25,11,55,36.3,19.2,0.49,131.9348,74.54748,2.597797,2010.695,3.429312,40,0,F
24-Apr-2006,16B-20,F,628,85,304,30,12,8.5,58,74.5,12.12,6.37,123.9594,50.4296,2.292009,1439.382,1.53587,40,0,F
25-Apr-2006,16A-20,F,774,77,303,100,13.25,11,55,24.6,24,0,109.5374,61.50543,2.628898,2033.716,3.540582,44,0,F
25-Apr-2006,16B-20,F,628,102,328,30,12,8.5,87,34.6,23.72,0.28,105.2502,42.47676,2.526004,1587.341,2.535985,44,0,F
26-Apr-2006,16A-20,F,774,72,304,100,13.25,11,56,21,24,0,102.2053,57.35662,2.452927,1898.565,3.289775,45,0,F
26-Apr-2006,16B-20,F,628,107,335,30,12,8.5,94,29.7,24,0,101.8069,40.95228,2.443365,1534.433,2.466041,45,0,F
27-Apr-2006,16A-20,F,774,74,304,100,13.25,11,56,19,24,0,97.3465,54.55828,2.336316,1808.309,3.128883,46,0,F
27-Apr-2006,16B-20,F,628,105,335,30,12,8.5,95,30.7,24,0,104.0601,41.76731,2.497443,1568.394,2.515312,46,0,F
28-Apr-2006,16A-20,F,774,72,303,100,13.25,11,55,18.2,24,0,94.57066,53.07214,2.269696,1756.745,3.043606,45,0,F
28-Apr-2006,16B-20,F,628,103,334,30,12,8.5,94,31.6,24,0,104.956,42.21904,2.518945,1581.897,2.541965,45,0,F
29-Apr-2006,16A-20,F,774,75,303,100,13.25,11,55,17.3,24,0,92.259,51.70697,2.214216,1713.803,2.963551,46,0,F
29-Apr-2006,16B-20,F,628,75,320,30,12,8.5,75,54.7,24,0,121.8456,48.90598,2.924294,1836.457,2.943419,46,0,F
30-Apr-2006,16A-20,F,774,70,301,100,13.25,11,54,17.5,24,0,92.033,51.71671,2.208792,1709.605,2.960299,44,0,F
30-Apr-2006,16B-20,F,628,78,314,45,12,8.5,66,58.6,24,0,118.0198,47.57896,2.832475,1778.794,2.858717,44,0,F
01-May-2006,16A-20,F,774,80,304,100,13.25,11,56,16.4,24,0,90.59825,50.71042,2.174358,1682.953,2.898809,47,0,F
01-May-2006,16B-20,F,628,70,310,45,12,8.5,63,63.2,24,0,119.526,47.87132,2.868623,1801.495,2.874163,47,0,F
02-May-2006,16A-20,F,774,78,304,100,13.25,11,56,16.1,24,0,89.78379,50.25455,2.154811,1667.824,2.976135,47,0,F
02-May-2006,16B-20,F,628,71,310,45,12,8.5,63,62.2,24,0,118.6246,47.51033,2.846992,1787.911,2.955145,47,0,F
03-May-2006,16A-20,F,774,78,303,100,13.25,11,56,16.1,24,0,89.78379,50.25455,2.154811,1667.824,3.017575,47,0,F
03-May-2006,16B-20,F,628,70,309,50,12,8.5,62,63.4,24,0,118.755,47.56254,2.85012,1789.875,2.999585,47,0,F
04-May-2006,16A-20,F,774,78,303,100,13.25,11,55,15.7,24,0,87.98462,49.2475,2.111631,1634.402,2.819286,47,0,F
04-May-2006,16B-20,F,628,70,309,52,12,8.5,62,63.3,24,0,118.6662,47.52697,2.847988,1788.537,2.857647,47,0,F
05-May-2006,16A-20,F,774,74,302,100,13.25,11,54,15.7,24,0,87.33101,48.90699,2.095944,1621.422,2.794316,46,0,F
05-May-2006,16B-20,F,628,70,308,52,12,8.5,60,64.1,24,0,117.3506,47.15295,2.816415,1769.835,2.828253,46,0,F
06-May-2006,16A-20,F,774,70,302,100,13.25,11,53,16,24,0,87.37466,49.03381,2.096992,1623.072,2.800822,45,0,F
06-May-2006,16B-20,F,628,70,307,52,12,8.5,59,63.4,24,0,115.8758,46.61157,2.781019,1746.48,2.795265,45,0,F
07-May-2006,16A-20,F,774,71,301,100,13.25,11,53,15.9,24,0,87.10727,48.94876,2.090575,1618.105,2.790001,44,0,F
07-May-2006,16B-20,F,628,67,307,55,12,8.5,59,65.2,24,0,117.4186,47.3366,2.818047,1769.734,2.832117,44,0,F
08-May-2006,16A-20,F,774,70,302,100,13.25,11,54,15.7,24,0,87.27953,49.04556,2.094709,1621.305,2.899566,44,0,F
08-May-2006,16B-20,F,628,70,307,55,12,8.5,59,65.4,24,0,117.5885,47.40509,2.822124,1772.294,2.941777,44,0,F
09-May-2006,16A-20,F,774,70,302,100,13.25,11,54,15.7,24,0,87.27953,48.98043,2.094709,1621.305,2.8022,45,0,F
09-May-2006,16B-20,F,628,70,307,57,12,8.5,59,64.6,24,0,116.9072,47.02644,2.805772,1762.025,2.824608,45,0,F
10-May-2006,16A-20,F,774,72,301,100,13.25,11,53,15.8,24,0,86.83899,48.7332,2.084136,1613.121,2.782291,45,0,F
10-May-2006,16B-20,F,628,69,306,57,12,8.5,59,64.9,24,0,117.1632,47.12946,2.811918,1765.884,2.824942,45,0,F
11-May-2006,16A-20,F,774,76,302,100,13.25,11,54,15.6,24,0,87.00713,48.82756,2.088171,1616.244,2.787678,45,0,F
11-May-2006,16B-20,F,628,78,306,57,12,8.5,58,64.4,24,0,115.7585,46.5644,2.778204,1744.712,2.791072,45,0,F
12-May-2006,16A-20,F,774,76,302,100,13.25,11,54,15.6,24,0,87.00713,48.82756,2.088171,1616.244,2.787678,45,0,F
12-May-2006,16B-20,F,628,78,306,58,12,8.5,58,64.7,24,0,116.0127,46.66664,2.784305,1748.543,2.797201,45,0,F
13-May-2006,16A-20,F,774,72,303,100,13.25,11,55,15.2,24,0,86.60162,48.53627,2.078439,1608.712,2.777107,46,0,F
13-May-2006,16B-20,F,628,70,306,58,12,8.5,59,63.4,24,0,115.8758,46.50985,2.781019,1746.48,2.79446,46,0,F
14-May-2006,16A-20,F,774,72,304,100,13.25,11,56,14.9,24,0,86.44234,48.32232,2.074616,1605.753,2.763112,48,0,F
14-May-2006,16B-20,F,628,70,308,58,12,8.5,60,62.6,24,0,116.1401,46.41581,2.787363,1750.464,2.788152,48,0,F
15-May-2006,16A-20,F,774,74,304,100,13.25,11,55,7.4,24,0,60.74643,33.91504,1.457914,1128.426,2.040777,49,0,F
15-May-2006,16B-20,F,628,70,307,58,12,8.5,60,61.3,24,0,114.991,45.85927,2.759784,1733.144,2.899451,49,0,F
16-May-2006,16A-20,F,774,74,304,100,13.25,11,56,14.7,24,0,85.87171,47.9426,2.060921,1595.153,2.759108,49,0,F
16-May-2006,16B-20,F,628,72,308,58,12,8.5,60,60.9,24,0,114.6345,45.71712,2.751229,1727.772,2.764467,49,0,F
17-May-2006,16A-20,F,774,75,305,100,13.25,11,56,14.6,24,0,85.58485,47.78245,2.054037,1589.824,2.74872,49,0,F
17-May-2006,16B-20,F,628,70,308,58,12,8.5,60,60.6,24,0,114.3663,45.61015,2.744792,1723.729,2.756824,49,0,F
18-May-2006,16A-20,F,774,75,304,100,13.25,11,57,14.8,24,0,86.83305,48.47932,2.083993,1613.011,2.788808,49,0,F
18-May-2006,16B-20,F,628,70,308,58,12,8.5,60,61.1,24,0,114.8129,45.78826,2.75551,1730.46,2.76759,49,0,F
19-May-2006,16A-20,F,774,75,304,100,13.25,11,56,14.6,24,0,85.58485,47.78245,2.054037,1589.824,2.752461,49,0,F
19-May-2006,16B-20,F,628,70,308,58,12,8.5,60,60.8,24,0,114.5452,45.6815,2.749085,1726.426,2.764895,49,0,F
20-May-2006,16A-20,F,774,57,287,100,13.25,11,41,20.6,24,0,88.56377,51.25447,2.12553,1645.161,2.93933,25,0,F
20-May-2006,16B-20,F,628,50,294,58,12,8.5,27,83.2,24,0,91.77081,38.80953,2.2025,1383.17,2.326422,25,0,F
21-May-2006,16A-20,F,774,56,284,100,13.25,11,37,21,24,0,85.70293,49.59882,2.05687,1592.018,2.838477,25,0,F
21-May-2006,16B-20,F,628,55,291,58,12,8.5,44,85.5,24,0,115.5626,48.87098,2.773502,1741.759,2.92347,25,0,F
22-May-2006,16A-20,F,774,56,289,100,13.25,11,42,19.1,24,0,86.2462,50.39472,2.069909,1602.109,2.880639,20,0,F
22-May-2006,16B-20,F,628,50,296,58,12,8.5,47,79.1,24,0,115.0788,49.41036,2.761892,1734.468,2.948575,20,0,F
23-May-2006,16A-20,F,774,56,281,100,13.25,11,35,21.8,24,0,85.32396,50.06285,2.047775,1584.978,2.860227,18,0,F
23-May-2006,16B-20,F,628,50,290,58,12,8.5,42,88.5,24,0,114.8315,49.62545,2.755957,1730.741,2.958366,18,0,F
24-May-2006,16A-20,F,774,75,304,100,13.25,11,56,14.6,24,0,85.58485,47.78245,2.054037,1589.824,2.746821,49,0,F
24-May-2006,16B-20,F,628,70,308,58,12,8.5,60,60.8,24,0,114.5452,45.6815,2.749085,1726.426,2.759229,49,0,F
25-May-2006,16A-20,F,774,75,306,100,13.25,11,58,13.8,24,0,84.55136,47.08808,2.029233,1570.626,3.703564,51,0,F
25-May-2006,16B-20,F,628,70,309,58,12,8.5,61,57.9,24,0,112.8326,44.81091,2.707983,1700.613,3.704656,51,0,F
26-May-2006,16A-20,F,774,70,304,100,13.25,11,57,14.3,24,0,85.3818,47.60946,2.049163,1586.052,2.884225,50,0,F
26-May-2006,16B-20,F,628,65,308,58,12,8.5,60,60.2,24,0,114.0075,45.37173,2.73618,1718.321,2.888629,50,0,F
27-May-2006,16A-20,F,774,75,304,100,13.25,11,56,14.1,24,0,84.13472,46.91408,2.019233,1562.887,3.998117,50,0,F
27-May-2006,16B-20,F,628,60,308,58,12,8.5,60,59.8,24,0,113.6473,45.22838,2.727535,1712.892,4.050735,50,0,F
28-May-2006,16A-20,F,774,74,305,100,13.25,11,57,14,24,0,84.49815,46.94395,2.027956,1569.638,2.983833,53,0,F
28-May-2006,16B-20,F,628,70,309,58,12,8.5,61,58.7,24,0,113.5716,44.91981,2.725719,1711.751,3.002312,53,0,F
29-May-2006,16A-20,F,774,74,306,100,13.25,11,57,13.9,24,0,84.20138,46.77908,2.020833,1564.125,2.973354,53,0,F
29-May-2006,16B-20,F,628,70,310,58,12,8.5,62,58.3,24,0,114.1172,45.13559,2.738812,1719.974,3.016734,53,0,F
30-May-2006,16A-20,F,774,75,298,100,13.25,11,50,16.3,24,0,85.97143,48.57666,2.063314,1597.005,3.08102,40,0,F
30-May-2006,16B-20,F,628,60,302,58,12,8.5,55,67.4,24,0,115.2342,46.87999,2.765621,1736.81,3.118514,40,0,F
31-May-2006,16A-20,F,774,75,301,100,13.25,11,53,15.2,24,0,85.20992,47.81898,2.045038,1582.859,2.785346,45,0,F
31-May-2006,16B-20,F,628,60,305,59,12,8.5,57,63.5,24,0,114.0162,45.86353,2.736388,1718.452,2.804696,45,0,F
01-Jun-2006,16A-20,F,774,70,298,100,13.25,11,50,16,24,0,85.19532,48.13814,2.044688,1582.588,3.053206,40,0,F
01-Jun-2006,16B-20,F,628,65,303,60,12,8.5,54,67,24,0,113.8926,46.3342,2.733423,1716.589,3.082208,40,0,F
02-Jun-2006,16A-20,F,774,70,299,100,13.25,11,51,15.7,24,0,85.13584,48.03714,2.04326,1581.483,3.047336,41,0,F
02-Jun-2006,16B-20,F,628,75,303,60,12,8.5,54,66.4,24,0,113.4129,46.03252,2.72191,1709.359,3.063317,41,0,F
03-Jun-2006,16A-20,F,774,71,300,100,13.25,11,52,15.3,24,0,84.77858,47.70435,2.034686,1574.847,3.10898,43,0,F
03-Jun-2006,16B-20,F,628,65,304,59,12,8.5,56,65.3,24,0,114.5339,46.27684,2.748813,1726.255,3.165093,43,0,F
04-Jun-2006,16A-20,F,774,70,300,100,13.25,11,52,15.4,24,0,85.04914,47.85659,2.041179,1579.873,3.214599,43,0,F
04-Jun-2006,16B-20,F,628,60,303,57,12,8.5,55,66.1,24,0,114.1849,46.13585,2.740438,1720.995,3.252269,43,0,F
05-Jun-2006,16A-20,F,774,70,300,100,13.25,11,52,15.4,24,0,85.04914,47.92192,2.041179,1579.873,3.218434,42,0,F
05-Jun-2006,16B-20,F,628,65,303,58,12,8.5,55,67,24,0,114.9126,46.53483,2.757903,1731.963,3.279158,42,0,F
06-Jun-2006,16A-20,F,774,74,303,100,13.25,11,55,14.6,24,0,84.90973,47.65052,2.037833,1577.283,3.201836,45,0,F
06-Jun-2006,16B-20,F,628,67,306,57,12,8.5,57,62.5,24,0,113.1647,45.52103,2.715953,1705.619,3.211315,45,0,F
07-Jun-2006,16A-20,F,774,74,303,100,13.25,11,55,14.6,24,0,84.90973,47.5264,2.037833,1577.283,3.194549,47,0,F
07-Jun-2006,16B-20,F,628,67,307,54,12,8.5,59,60.3,24,0,113.1575,45.32068,2.71578,1705.51,3.199518,47,0,F
08-Jun-2006,16A-20,F,774,50,299,100,13.25,11,50,15,21.5,0.5,82.55045,46.20584,1.81611,1405.669,2.782266,47,0,F
08-Jun-2006,16B-20,F,628,68,315,54,12,8.5,68,49.6,24,0,110.6,44.29639,2.6544,1666.963,3.127206,47,0,F
09-Jun-2006,16A-20,F,774,74,303,100,13.25,11,55,15.7,24,0,87.98462,49.18447,2.111631,1634.402,2.972194,48,0,F
09-Jun-2006,16B-20,F,628,70,316,44,12,8.5,70,49.8,24,0,112.4436,44.9385,2.698647,1694.751,2.852775,48,0,F
10-Jun-2006,16A-20,F,774,78,301,100,13.25,11,54,15.8,24,0,87.55103,49.06836,2.101225,1626.348,3.350647,46,0,F
10-Jun-2006,16B-20,F,628,75,315,45,12,8.5,68,50.4,24,0,111.4546,44.73528,2.67491,1679.844,3.207776,46,0,F
11-Jun-2006,16A-20,F,774,72,298,100,13.25,11,51,16.4,24,0,86.96918,48.93699,2.08726,1615.54,3.339996,43,0,F
11-Jun-2006,16B-20,F,628,75,313,45,12,8.5,66,52.3,24,0,111.769,45.15969,2.682455,1684.582,3.234614,43,0,F
12-Jun-2006,16A-20,SI,774,70,211,100,13.25,11,63,12.1,13.1,0,82.23675,46.08995,1.077301,833.8313,1.465181,46,0,SI
12-Jun-2006,16B-20,F,628,80,316,29,12,8.5,69,48.9,24,0,110.6547,44.41421,2.655712,1667.787,2.716274,46,0,F
13-Jun-2006,16A-20,SI,774,NaN,NaN,NaN,13.25,11,NaN,NaN,0,0,NaN,NaN,NaN,NaN,NaN,45,0,SI
13-Jun-2006,16B-20,F,628,66,313,29,12,8.5,66,52.5,24,0,111.9737,45.04195,2.68737,1687.668,2.730564,45,0,F
14-Jun-2006,16A-20,SI,774,198,NaN,NaN,13.25,11,NaN,NaN,0,0,NaN,NaN,NaN,NaN,NaN,45,0,SI
14-Jun-2006,16B-20,F,628,75,313,45,12,8.5,65,52.6,24,0,111.2251,44.74083,2.669403,1676.385,2.768559,45,0,F
15-Jun-2006,16A-20,F,774,15,NaN,NaN,13.25,11,NaN,NaN,0,7.6,NaN,NaN,NaN,NaN,NaN,46,0,F
15-Jun-2006,16B-20,F,628,75,313,45,12,8.5,66,51.9,24,0,111.358,44.69652,2.672593,1678.388,2.801495,46,0,F
16-Jun-2006,16A-20,SI,774,46,NaN,NaN,13.25,11,NaN,NaN,0,4.3,NaN,NaN,NaN,NaN,NaN,47,0,SI
16-Jun-2006,16B-20,SI,628,70,313,45,12,8.5,66,52,7.5,24,111.4609,44.64119,3.511019,2204.92,0.9185588,47,0,SI
17-Jun-2006,16A-20,SI,774,75,NaN,NaN,13.25,11,NaN,NaN,0,2.6,NaN,NaN,NaN,NaN,NaN,40,0,SI
17-Jun-2006,16B-20,SI,628,100,NaN,NaN,12,8.5,NaN,NaN,0,0,NaN,NaN,NaN,NaN,NaN,40,0,SI
18-Jun-2006,16A-20,SI,774,94,NaN,NaN,13.25,11,NaN,NaN,0,0,NaN,NaN,NaN,NaN,NaN,42,0,SI
18-Jun-2006,16B-20,SI,628,20,NaN,45,12,8.5,NaN,NaN,0,23.3,NaN,NaN,NaN,NaN,NaN,42,0,SI
19-Jun-2006,16A-20,F,774,50,291,0,13.25,11,42,40.4,0,10.3,123.2219,69.33615,1.269185,982.3495,0,43,0,F
19-Jun-2006,16B-20,SI,628,108,NaN,45,12,8.5,NaN,NaN,0,12.7,NaN,NaN,NaN,NaN,NaN,43,0,SI
20-Jun-2006,16A-20,F,774,74,305,100,13.25,11,57,29.5,21.5,3.5,121.4133,67.78566,3.035333,2349.348,3.493118,49,0,F
20-Jun-2006,16B-20,SI,628,144,NaN,NaN,12,8.5,NaN,NaN,0,0,NaN,NaN,NaN,NaN,NaN,49,0,SI
21-Jun-2006,16A-20,F,774,88,307,100,13.25,11,59,27.6,24,0,119.4255,66.51006,2.866211,2218.448,3.995728,51,0,F
21-Jun-2006,16B-20,F,628,84,318,100,12,8.5,71,122.5,9.8,1.9,172.9393,68.68196,2.023389,1270.688,1.771011,51,0,F
22-Jun-2006,16A-20,F,774,86,314,100,13.25,11,67,23.5,24,0,117.0704,65.03985,2.809689,2174.699,3.829704,53,0,F
22-Jun-2006,16B-20,F,628,80,316,100,12,8.5,69,107.9,24,0,160.7623,63.58467,3.858296,2423.01,3.936962,53,0,F
23-Jun-2006,16A-20,F,774,85,313,100,13.25,11,66,25,24,0,119.812,66.48321,2.875488,2225.627,3.950873,54,0,F
23-Jun-2006,16B-20,F,628,78,314,100,12,8.5,67,106.9,24,0,157.6432,62.22494,3.783436,2375.998,3.889126,54,0,F
24-Jun-2006,16A-20,F,774,82,313,100,13.25,11,65,25.8,24,0,120.8063,67.19674,2.899351,2244.097,4.075822,52,0,F
24-Jun-2006,16B-20,F,628,72,313,100,12,8.5,65,104.9,24,0,153.8515,60.97562,3.692435,2318.849,3.888326,52,0,F
25-Jun-2006,16A-20,F,774,80,310,100,13.25,11,62,27.6,24,0,122.1447,68.10867,2.931472,2268.959,4.129843,50,0,F
25-Jun-2006,16B-20,F,628,70,310,100,12,8.5,62,108,24,0,152.1669,60.55807,3.652004,2293.459,3.858991,50,0,F
26-Jun-2006,16A-20,F,774,88,313,100,13.25,11,65,26.6,24,0,122.6071,68.03422,2.94257,2277.55,3.786621,54,0,F
26-Jun-2006,16B-20,F,628,75,313,100,12,8.5,65,100.3,24,0,150.7162,59.49071,3.617188,2271.594,3.482411,54,0,F
27-Jun-2006,16A-20,F,774,86,312,100,13.25,11,65,27,24,0,123.4964,68.60991,2.963914,2294.069,3.963378,53,0,F
27-Jun-2006,16B-20,F,628,74,312,100,12,8.5,64,100.2,24,0,149.4519,59.11115,3.586845,2252.538,3.590634,53,0,F
28-Jun-2006,16A-20,F,774,84,313,100,13.25,11,65,27.1,24,0,123.7176,68.65042,2.969222,2298.178,3.992022,54,0,F
28-Jun-2006,16B-20,F,628,75,312,100,12,8.5,65,98.6,24,0,149.5346,59.02431,3.58883,2253.785,3.609832,54,0,F
29-Jun-2006,16A-20,F,774,84,312,100,13.25,11,65,27.4,24,0,124.3785,69.01715,2.985084,2310.455,4.029772,54,0,F
29-Jun-2006,16B-20,F,628,75,313,100,12,8.5,65,98,24,0,149.1145,58.85849,3.578748,2247.454,3.614423,54,0,F
30-Jun-2006,16A-20,F,774,88,313,100,13.25,11,66,27.5,24,0,125.4771,69.62678,3.011451,2330.863,4.088154,54,0,F
30-Jun-2006,16B-20,F,628,75,312,100,12,8.5,65,97,24,0,148.4108,58.58072,3.561858,2236.847,3.61753,54,0,F
01-Jul-2006,16A-20,F,774,84,313,100,13.25,11,66,27.3,24,0,125.0346,69.29888,3.00083,2322.642,4.174045,55,0,F
01-Jul-2006,16B-20,F,628,75,312,100,12,8.5,65,95.4,24,0,147.2753,58.01604,3.534608,2219.734,3.675938,55,0,F
02-Jul-2006,16A-20,F,774,85,313,100,13.25,11,65,27.4,24,0,124.3785,68.93526,2.985084,2310.455,4.146869,55,0,F
02-Jul-2006,16B-20,F,628,75,313,100,12,8.5,65,95.4,24,0,147.2753,58.01604,3.534608,2219.734,3.671269,55,0,F
03-Jul-2006,16A-20,F,774,82,313,100,13.25,11,66,27.3,24,0,125.0346,69.3812,3.00083,2322.642,3.995385,54,0,F
03-Jul-2006,16B-20,F,628,75,312,100,12,8.5,64,95.1,24,0,145.8984,57.58903,3.501561,2198.98,3.487892,54,0,F
04-Jul-2006,16A-20,F,774,84,312,100,13.25,11,65,27.4,24,0,124.3785,69.09997,2.985084,2310.455,4.090354,53,0,F
04-Jul-2006,16B-20,F,628,75,312,100,12,8.5,64,96,24,0,146.534,57.95707,3.516815,2208.56,3.607553,53,0,F
05-Jul-2006,16A-20,F,774,90,313,100,13.25,11,65,27,24,0,123.4964,68.52768,2.963914,2294.069,4.093263,54,0,F
05-Jul-2006,16B-20,F,628,75,312,100,12,8.5,64,95.1,24,0,145.8984,57.58903,3.501561,2198.98,3.617843,54,0,F
06-Jul-2006,16A-20,F,774,87,312,100,13.25,11,65,26.9,24,0,123.2748,68.40469,2.958594,2289.952,4.121248,54,0,F
06-Jul-2006,16B-20,F,628,75,312,100,12,8.5,64,94.9,24,0,145.7566,57.53308,3.498159,2196.844,3.645582,54,0,F
07-Jul-2006,16A-20,F,774,85,313,100,13.25,11,65,27,24,0,123.4964,68.52768,2.963914,2294.069,4.045725,54,0,F
07-Jul-2006,16B-20,F,628,75,312,100,12,8.5,64,94.6,24,0,145.5436,57.44901,3.493047,2193.634,3.567133,54,0,F
08-Jul-2006,16A-20,F,774,85,311,100,13.25,11,63,27.9,24,0,123.6849,68.71463,2.968438,2297.571,4.138813,53,0,F
08-Jul-2006,16B-20,F,628,70,310,100,12,8.5,62,97.6,24,0,145.28,57.4611,3.48672,2189.66,3.639349,53,0,F
09-Jul-2006,16A-20,F,774,82,310,100,13.25,11,62,28.1,24,0,123.2083,68.61679,2.957,2288.718,3.916167,51,0,F
09-Jul-2006,16B-20,F,628,75,309,100,12,8.5,61,99.1,24,0,145.0952,57.62383,3.482284,2186.875,3.456911,51,0,F
10-Jul-2006,16A-20,F,774,90,313,100,13.25,11,65,26.6,24,0,122.6071,67.95349,2.94257,2277.55,4.016207,55,0,F
10-Jul-2006,16B-20,F,628,75,312,100,12,8.5,64,94.1,24,0,145.1877,57.19367,3.484505,2188.27,3.555834,55,0,F
11-Jul-2006,16A-20,F,774,87,314,100,13.25,11,66,26.2,24,0,122.5681,67.93188,2.941634,2276.825,4.0929,55,0,F
11-Jul-2006,16B-20,F,628,75,313,100,12,8.5,65,92.6,24,0,145.2595,57.22195,3.486228,2189.351,3.626681,55,0,F
12-Jul-2006,16A-20,F,774,85,312,100,13.25,11,66,26.4,24,0,123.0207,68.18273,2.952497,2285.233,4.119535,55,0,F
12-Jul-2006,16B-20,F,628,75,312,100,12,8.5,64,93.9,24,0,145.045,57.13746,3.481081,2186.119,3.631483,55,0,F
13-Jul-2006,16A-20,F,774,84,313,100,13.25,11,65,26.3,24,0,121.9353,67.58116,2.926448,2265.071,4.061203,55,0,F
13-Jul-2006,16B-20,F,628,75,312,100,12,8.5,65,94,24,0,146.2721,57.62083,3.51053,2204.613,3.642484,55,0,F
14-Jul-2006,16A-20,F,774,84,313,100,13.25,11,65,26.2,24,0,121.7837,67.44363,2.922809,2261.085,4.003797,55,0,F
14-Jul-2006,16B-20,F,628,75,312,100,12,8.5,64,93.7,24,0,144.7797,57.09652,3.474712,2183.509,3.564539,55,0,F
15-Jul-2006,16A-20,F,774,84,312,100,13.25,11,65,26.2,24,0,121.7837,67.52386,2.922809,2261.085,3.945559,54,0,F
15-Jul-2006,16B-20,F,628,75,312,100,12,8.5,64,93.8,24,0,144.8511,57.23921,3.476426,2184.586,3.516618,54,0,F
16-Jul-2006,16A-20,F,774,84,312,100,13.25,11,65,26,24,0,121.2593,67.2065,2.910224,2252.513,3.991116,55,0,F
16-Jul-2006,16B-20,F,628,75,311,100,12,8.5,63,93.4,24,0,143.5301,56.54069,3.444723,2163.286,3.532104,55,0,F
17-Jul-2006,16A-20,F,774,85,313,100,13.25,11,65,25.8,24,0,120.879,66.9426,2.901095,2244.287,3.865863,55,0,F
17-Jul-2006,16B-20,F,628,75,311,100,12,8.5,64,92.9,24,0,144.2067,56.87057,3.460962,2174.868,3.453776,55,0,F
18-Jul-2006,16A-20,F,774,90,313,100,13.25,11,66,25.5,24,0,120.9689,67.04556,2.903255,2247.119,3.85925,55,0,F
18-Jul-2006,16B-20,F,628,75,312,100,12,8.5,64,92.1,24,0,143.7523,56.6282,3.450054,2166.634,3.4289,55,0,F
19-Jul-2006,16A-20,F,774,88,312,100,13.25,11,64,26,24,0,120.4003,66.80967,2.889607,2236.556,3.887483,54,0,F
19-Jul-2006,16B-20,F,628,72,311,100,12,8.5,63,94.6,24,0,144.3785,56.9891,3.465084,2176.073,3.487606,54,0,F
20-Jul-2006,16A-20,F,774,80,311,100,13.25,11,63,26.1,24,0,119.7589,66.53349,2.874214,2224.641,3.906913,53,0,F
20-Jul-2006,16B-20,F,628,70,310,100,12,8.5,62,92,24,0,141.3779,55.91772,3.393068,2130.847,3.452757,53,0,F
21-Jul-2006,16A-20,F,774,85,311,100,13.25,11,64,26,24,0,120.4003,66.80967,2.889607,2236.556,3.937294,54,0,F
21-Jul-2006,16B-20,F,628,73,310,100,12,8.5,62,95,24,0,143.4862,56.63691,3.44367,2162.625,3.510464,54,0,F
22-Jul-2006,16A-20,F,774,80,309,100,13.25,11,61,26.9,24,0,119.7483,66.60826,2.87396,2224.445,3.801657,52,0,F
22-Jul-2006,16B-20,F,628,70,308,100,12,8.5,60,98.6,24,0,143.55,56.89288,3.445201,2163.586,3.413832,52,0,F
23-Jul-2006,16A-20,F,774,80,308,100,13.25,11,59,27.4,24,0,119.0072,66.4423,2.856172,2210.677,3.789682,49,0,F
23-Jul-2006,16B-20,F,628,70,307,100,12,8.5,59,100.7,24,0,143.7119,57.31339,3.449085,2166.026,3.434786,49,0,F
24-Jul-2006,16A-20,F,774,85,309,100,13.25,11,61,26.8,24,0,119.533,66.65237,2.868791,2220.444,3.85379,50,0,F
24-Jul-2006,16B-20,F,628,70,308,100,12,8.5,60,98.3,24,0,143.3498,57.04914,3.440396,2160.569,3.466507,50,0,F
25-Jul-2006,16A-20,F,774,85,311,100,13.25,11,63,25.9,24,0,119.3136,66.20667,2.863527,2216.37,3.855896,54,0,F
25-Jul-2006,16B-20,F,628,70,310,100,12,8.5,62,94.7,24,0,143.2773,56.55443,3.438655,2159.475,3.46415,54,0,F
26-Jul-2006,16A-20,F,774,82,310,100,13.25,11,63,26,24,0,119.5365,66.99476,2.868876,2220.51,3.860654,46,0,F
26-Jul-2006,16B-20,F,628,70,310,100,12,8.5,62,95.4,24,0,143.7642,57.70359,3.450341,2166.814,3.491803,46,0,F
27-Jul-2006,16A-20,F,774,82,310,100,13.25,11,63,26,24,0,119.5365,67.26241,2.868876,2220.51,3.930298,43,0,F
27-Jul-2006,16B-20,F,628,70,310,100,12,8.5,62,95,24,0,143.4862,57.9749,3.44367,2162.625,3.555134,43,0,F
28-Jul-2006,16A-20,F,774,85,309,100,13.25,11,61,26.5,24,0,118.9552,66.97504,2.854926,2208.571,3.926282,42,0,F
28-Jul-2006,16B-20,F,628,70,308,100,12,8.5,60,98.2,24,0,143.1631,58.03725,3.435913,2159.128,3.568859,42,0,F
29-Jul-2006,16A-20,F,774,84,308,100,13.25,11,60,26.8,24,0,118.711,67.11961,2.849063,2204.035,3.657048,39,0,F
29-Jul-2006,16B-20,F,628,70,308,100,12,8.5,59,99.5,24,0,142.8078,58.29551,3.427388,2153.771,3.329664,39,0,F
30-Jul-2006,16A-20,F,774,80,308,100,13.25,11,60,26.9,24,0,118.9247,66.3443,2.854194,2208.004,3.620626,49,0,F
30-Jul-2006,16B-20,F,628,70,307,100,12,8.5,58,99.6,24,0,141.6462,56.55149,3.39951,2136.252,3.241799,49,0,F
31-Jul-2006,16A-20,F,774,80,307,100,13.25,11,59,27.3,24,0,118.7974,66.40919,2.851138,2206.781,3.913778,48,0,F
31-Jul-2006,16B-20,F,628,65,307,100,12,8.5,58,107,24,0,146.4599,58.53322,3.515038,2207.444,3.62385,48,0,F
01-Aug-2006,16A-20,F,774,80,308,100,13.25,11,61,26.3,24,0,118.4495,65.88579,2.842787,2200.317,4.016856,52,0,F
01-Aug-2006,16B-20,F,628,70,308,100,12,8.5,60,97,24,0,142.4776,56.46785,3.419463,2147.423,3.619388,52,0,F
02-Aug-2006,16A-20,F,774,84,311,100,13.25,11,64,25.3,24,0,118.8182,65.77614,2.851636,2207.166,3.780749,56,0,F
02-Aug-2006,16B-20,F,628,75,311,100,12,8.5,63,93.5,24,0,143.6011,56.45621,3.446426,2164.355,3.414231,56,0,F
03-Aug-2006,16A-20,F,774,83,312,100,13.25,11,64,25,24,0,118.1328,65.39671,2.835186,2194.434,3.858333,56,0,F
03-Aug-2006,16B-20,F,628,75,311,100,12,8.5,64,92.5,24,0,144.0409,56.62912,3.456981,2170.984,3.515242,56,0,F
04-Aug-2006,16A-20,F,774,83,310,100,13.25,11,62,25.7,24,0,118.0028,65.63735,2.832068,2192.021,3.806154,52,0,F
04-Aug-2006,16B-20,F,628,70,310,100,12,8.5,61,95.5,24,0,142.6508,56.5365,3.42362,2150.033,3.446701,52,0,F
05-Aug-2006,16A-20,F,774,82,309,100,13.25,11,61,26,24,0,117.7939,65.52115,2.827054,2188.14,4.089631,52,0,F
05-Aug-2006,16B-20,F,628,74,309,100,12,8.5,61,96.5,24,0,143.3356,56.80788,3.440054,2160.354,3.727783,52,0,F
06-Aug-2006,16A-20,F,774,80,309,100,13.25,11,61,25.8,24,0,117.3546,65.27678,2.81651,2179.979,3.935081,52,0,F
06-Aug-2006,16B-20,F,628,70,306,100,12,8.5,61,95.9,24,0,142.9253,56.64526,3.430206,2154.169,3.590029,52,0,F
07-Aug-2006,16A-20,F,774,81,309,100,13.25,11,62,25.7,24,0,118.0028,65.63735,2.832068,2192.021,3.933573,52,0,F
07-Aug-2006,16B-20,F,628,70,309,100,12,8.5,61,95.3,24,0,142.5133,56.482,3.42032,2147.961,3.558653,52,0,F
08-Aug-2006,16A-20,F,774,81,309,100,13.25,11,61,25.8,24,0,117.3546,65.27678,2.81651,2179.979,3.878075,52,0,F
08-Aug-2006,16B-20,F,628,72,309,100,12,8.5,61,96.2,24,0,143.1306,56.72665,3.435135,2157.265,3.543106,52,0,F
09-Aug-2006,16A-20,F,774,81,310,100,13.25,11,62,25.3,24,0,117.1096,65.06166,2.810631,2175.428,3.853817,53,0,F
09-Aug-2006,16B-20,F,628,71,310,100,12,8.5,62,94.1,24,0,142.8581,56.5032,3.428595,2153.158,3.519348,53,0,F
10-Aug-2006,16A-20,F,774,82,310,100,13.25,11,63,25.3,24,0,117.9663,65.45906,2.831192,2191.343,3.865169,54,0,F
10-Aug-2006,16B-20,F,628,72,310,100,12,8.5,62,93.7,24,0,142.5778,56.27832,3.421867,2148.932,3.494993,54,0,F
11-Aug-2006,16A-20,F,774,81,310,100,13.25,11,63,25.3,24,0,117.9663,65.45906,2.831192,2191.343,3.872098,54,0,F
11-Aug-2006,16B-20,F,628,71,310,100,12,8.5,62,93.8,24,0,142.6479,56.30602,3.423551,2149.99,3.502982,54,0,F
12-Aug-2006,16A-20,F,774,81,310,100,13.25,11,62,25.2,24,0,116.8851,64.85912,2.805243,2171.258,3.897344,54,0,F
12-Aug-2006,16B-20,F,628,71,310,100,12,8.5,62,93.6,24,0,142.5076,56.25061,3.420182,2147.874,3.554932,54,0,F
13-Aug-2006,16A-20,F,774,80,310,100,13.25,11,62,25.2,24,0,116.8851,64.85912,2.805243,2171.258,3.913269,54,0,F
13-Aug-2006,16B-20,F,628,70,309,100,12,8.5,62,93.3,24,0,142.2967,56.16737,3.41512,2144.696,3.564176,54,0,F
14-Aug-2006,16A-20,F,774,83,310,100,13.25,11,63,25,24,0,117.2861,65.08163,2.814867,2178.707,3.915823,54,0,F
14-Aug-2006,16B-20,F,628,72,310,100,12,8.5,62,92.8,24,0,141.9442,56.02825,3.406662,2139.383,3.545505,54,0,F
15-Aug-2006,16A-20,F,774,84,310,100,13.25,11,63,25,24,0,117.2861,65.08163,2.814867,2178.707,3.911872,54,0,F
15-Aug-2006,16B-20,F,628,77,310,100,12,8.5,62,92.8,24,0,141.9442,56.02825,3.406662,2139.383,3.541927,54,0,F
16-Aug-2006,16A-20,F,774,84,309,100,13.25,11,62,25,24,0,116.4347,64.60915,2.794432,2162.89,3.830297,54,0,F
16-Aug-2006,16B-20,F,628,70,309,100,12,8.5,62,93,24,0,142.0853,56.08395,3.410048,2141.51,3.496902,54,0,F
17-Aug-2006,16A-20,F,774,82,311,100,13.25,11,63,24.9,24,0,117.0584,64.95526,2.809402,2174.477,3.824851,54,0,F
17-Aug-2006,16B-20,F,628,72,310,100,12,8.5,62,92.5,24,0,141.7322,55.94455,3.401573,2136.188,3.46469,54,0,F
18-Aug-2006,16A-20,F,774,80,310,100,13.25,11,62,24.8,24,0,115.9822,64.35809,2.783573,2154.486,3.845361,54,0,F
18-Aug-2006,16B-20,F,628,70,310,100,12,8.5,62,92,24,0,141.3779,55.80469,3.393068,2130.847,3.506801,54,0,F
19-Aug-2006,16A-20,F,774,82,309,100,13.25,11,61,25.2,24,0,116.0252,64.4592,2.784606,2155.284,3.961627,53,0,F
19-Aug-2006,16B-20,F,628,70,309,100,12,8.5,61,93.4,24,0,141.1981,55.84661,3.388753,2128.137,3.60918,53,0,F
20-Aug-2006,16A-20,F,774,80,309,100,13.25,11,62,25.1,24,0,116.6601,64.81194,2.799844,2167.079,3.883691,53,0,F
20-Aug-2006,16B-20,F,628,70,309,100,12,8.5,61,94,24,0,141.6152,56.0116,3.398765,2134.424,3.529318,53,0,F
21-Aug-2006,16A-20,F,774,80,310,100,13.25,11,62,24.7,24,0,115.7552,64.23215,2.778126,2150.27,3.820627,54,0,F
21-Aug-2006,16B-20,F,628,70,310,100,12,8.5,62,92.4,24,0,141.6614,55.91662,3.399874,2135.121,3.498079,54,0,F
22-Aug-2006,16A-20,F,774,82,311,100,13.25,11,63,24.5,24,0,116.1425,64.37056,2.78742,2157.463,3.809835,55,0,F
22-Aug-2006,16B-20,F,628,75,310,100,12,8.5,62,91,24,0,140.6655,55.41225,3.375973,2120.111,3.449959,55,0,F
23-Aug-2006,16A-20,F,774,80,313,100,13.25,11,66,23.9,24,0,117.2215,64.89227,2.813317,2177.507,3.734341,56,0,F
23-Aug-2006,16B-20,F,628,70,312,100,12,8.5,64,92.4,24,0,143.9688,56.60078,3.455251,2169.898,3.427008,56,0,F
24-Aug-2006,16A-20,F,774,82,310,100,13.25,11,62,25,24,0,116.4347,64.60915,2.794432,2162.89,4.025451,54,0,F
24-Aug-2006,16B-20,F,628,72,309,100,12,8.5,61,91.5,24,0,139.8659,55.20789,3.356782,2108.059,3.617663,54,0,F
25-Aug-2006,16A-20,F,774,80,310,100,13.25,11,62,24.8,24,0,115.9822,64.35809,2.783573,2154.486,3.912274,54,0,F
25-Aug-2006,16B-20,F,628,70,310,100,12,8.5,62,90.8,24,0,140.5225,55.46707,3.37254,2117.955,3.546237,54,0,F
26-Aug-2006,16A-20,F,774,80,309,100,13.25,11,61,28,24,0,122.0887,67.82784,2.930129,2267.92,4.118795,53,0,F
26-Aug-2006,16B-20,F,628,70,309,100,12,8.5,61,91.8,24,0,140.0774,55.40336,3.361857,2111.247,3.537704,53,0,F
27-Aug-2006,16A-20,F,774,80,309,100,13.25,11,61,25.2,24,0,116.0252,64.4592,2.784606,2155.284,3.857517,53,0,F
27-Aug-2006,16B-20,F,628,70,309,100,12,8.5,61,91.9,24,0,140.1478,55.4312,3.363547,2112.307,3.488192,53,0,F
28-Aug-2006,16A-20,F,774,82,310,100,13.25,11,62,24.8,24,0,115.9822,64.35809,2.783573,2154.486,3.792478,54,0,F
28-Aug-2006,16B-20,F,628,70,309,100,12,8.5,61,90.8,24,0,139.3708,55.01245,3.344898,2100.596,3.409474,54,0,F
29-Aug-2006,16A-20,F,774,82,310,100,13.25,11,62,24.8,24,0,115.9822,64.35809,2.783573,2154.486,3.84433,54,0,F
29-Aug-2006,16B-20,F,628,70,310,100,12,8.5,61,90.9,24,0,139.4417,55.04043,3.3466,2101.665,3.457847,54,0,F
30-Aug-2006,16A-20,F,774,82,310,100,13.25,11,62,24.7,24,0,115.7552,64.62672,2.778126,2150.27,3.832927,49,0,F
30-Aug-2006,16B-20,F,628,75,309,100,12,8.5,61,90.3,24,0,139.0156,55.44049,3.336375,2095.244,3.454863,49,0,F
31-Aug-2006,16A-20,F,774,82,310,100,13.25,11,75,23.3,24,0,122.8649,68.17727,2.948758,2282.339,4.074226,54,0,F
31-Aug-2006,16B-20,F,628,70,310,100,12,8.5,62,90.3,24,0,140.164,55.32558,3.363937,2112.552,3.477265,54,0,F
01-Sep-2006,16A-20,F,774,82,310,100,13.25,11,63,24.6,24,0,116.3722,64.5745,2.792934,2161.73,3.84428,54,0,F
01-Sep-2006,16B-20,F,628,75,309,100,12,8.5,75,90.1,24,0,154.4552,60.96659,3.706925,2327.949,3.817265,54,0,F
02-Sep-2006,16A-20,F,774,80,310,100,13.25,11,62,24.8,24,0,115.9822,64.43531,2.783573,2154.486,3.888264,53,0,F
02-Sep-2006,16B-20,F,628,75,309,100,12,8.5,61,90.5,24,0,139.1578,55.03966,3.339788,2097.387,3.492455,53,0,F
03-Sep-2006,16A-20,F,774,81,309,100,13.25,11,61,24.8,24,0,115.1293,63.96148,2.763104,2138.642,3.86683,53,0,F
03-Sep-2006,16B-20,F,628,72,309,100,12,8.5,61,91.2,24,0,139.654,55.2359,3.351696,2104.865,3.511407,53,0,F
04-Sep-2006,16A-20,F,774,76,308,100,13.25,11,61,25,24,0,115.5783,64.28872,2.773878,2146.982,3.827549,52,0,F
04-Sep-2006,16B-20,F,628,75,308,100,12,8.5,60,92.2,24,0,139.1917,55.16554,3.3406,2097.897,3.452974,52,0,F
05-Sep-2006,16A-20,F,774,80,309,100,13.25,11,61,24.9,24,0,115.354,64.164,2.768497,2142.817,3.773171,52,0,F
05-Sep-2006,16B-20,F,628,70,308,100,12,8.5,60,91.2,24,0,138.4937,54.88889,3.323848,2087.376,3.39343,52,0,F
06-Sep-2006,16A-20,F,774,80,309,100,13.25,11,61,24.8,24,0,115.1293,64.03901,2.763104,2138.642,3.801501,52,0,F
06-Sep-2006,16B-20,F,628,70,309,100,12,8.5,60,91.2,24,0,138.4937,54.88889,3.323848,2087.376,3.425582,52,0,F
07-Sep-2006,16A-20,F,774,80,309,100,13.25,11,61,24.8,24,0,115.1293,64.03901,2.763104,2138.642,3.832875,52,0,F
07-Sep-2006,16B-20,F,628,71,308,100,12,8.5,60,91.7,24,0,138.8433,55.02745,3.332238,2092.646,3.462572,52,0,F
08-Sep-2006,16A-20,F,774,80,309,100,13.25,11,61,24.7,24,0,114.9041,63.83636,2.757699,2134.459,3.850423,53,0,F
08-Sep-2006,16B-20,F,628,70,309,100,12,8.5,61,90.2,24,0,138.9445,54.95527,3.334667,2094.171,3.485561,53,0,F
09-Sep-2006,16A-20,F,774,80,309,100,13.25,11,61,24.7,24,0,114.9041,63.91375,2.757699,2134.459,3.895728,52,0,F
09-Sep-2006,16B-20,F,628,70,309,100,12,8.5,61,90.7,24,0,139.2998,55.2084,3.343196,2099.527,3.537847,52,0,F
10-Sep-2006,16A-20,F,774,80,308,100,13.25,11,61,24.8,24,0,115.1293,64.03901,2.763104,2138.642,3.892919,52,0,F
10-Sep-2006,16B-20,F,628,70,309,100,12,8.5,60,91.2,24,0,138.4937,54.88889,3.323848,2087.376,3.50796,52,0,F
11-Sep-2006,16A-20,F,774,82,309,100,13.25,11,61,24.6,24,0,114.6784,63.71096,2.752282,2130.266,3.815231,53,0,F
11-Sep-2006,16B-20,F,628,70,309,100,12,8.5,60,90.2,24,0,137.7908,54.49899,3.30698,2076.784,3.431771,53,0,F
12-Sep-2006,16A-20,F,774,80,309,100,13.25,11,61,24.6,24,0,114.6784,63.71096,2.752282,2130.266,3.843909,53,0,F
12-Sep-2006,16B-20,F,628,72,309,100,12,8.5,60,90.2,24,0,137.7908,54.49899,3.30698,2076.784,3.457566,53,0,F
13-Sep-2006,16A-20,F,774,80,309,100,13.25,11,61,24.7,24,0,114.9041,63.91375,2.757699,2134.459,3.819765,52,0,F
13-Sep-2006,16B-20,F,628,70,308,100,12,8.5,60,90.5,24,0,138.0022,54.69411,3.312053,2079.969,3.436548,52,0,F
14-Sep-2006,16A-20,F,774,75,309,100,13.25,11,61,24.7,24,0,114.9041,63.83636,2.757699,2134.459,3.813462,53,0,F
14-Sep-2006,16B-20,F,628,70,308,100,12,8.5,60,90.4,24,0,137.9318,54.55473,3.310363,2078.908,3.426943,53,0,F
15-Sep-2006,16A-20,F,774,80,308,100,13.25,11,61,24.8,24,0,115.1293,64.03901,2.763104,2138.642,3.876673,52,0,F
15-Sep-2006,16B-20,F,628,70,308,100,12,8.5,60,90.6,24,0,138.0726,54.722,3.313741,2081.03,3.482699,52,0,F
16-Sep-2006,16A-20,F,774,80,308,100,13.25,11,60,24.8,24,0,114.2714,63.56181,2.742514,2122.706,3.930451,52,0,F
16-Sep-2006,16B-20,F,628,70,309,100,12,8.5,61,90.8,24,0,139.3708,55.23652,3.344898,2100.596,3.590971,52,0,F
17-Sep-2006,16A-20,F,774,80,308,100,13.25,11,60,25,24,0,114.7168,63.88772,2.753203,2130.979,3.915068,51,0,F
17-Sep-2006,16B-20,F,628,70,308,100,12,8.5,60,91.5,24,0,138.7036,55.08543,3.328886,2090.54,3.548247,51,0,F
18-Sep-2006,16A-20,F,774,80,308,100,13.25,11,60,24.9,24,0,114.4943,63.68581,2.747864,2126.847,3.823455,52,0,F
18-Sep-2006,16B-20,F,628,70,308,100,12,8.5,60,91,24,0,138.3535,54.83334,3.320484,2085.264,3.460967,52,0,F
19-Sep-2006,16A-20,F,774,80,308,100,13.25,11,60,24.8,24,0,114.2714,63.56181,2.742514,2122.706,3.844062,52,0,F
19-Sep-2006,16B-20,F,628,70,308,100,12,8.5,60,90.8,24,0,138.2131,54.77771,3.317115,2083.148,3.482871,52,0,F
20-Sep-2006,16A-20,F,774,70,308,100,13.25,11,60,24.7,24,0,114.048,63.43753,2.737151,2118.555,3.883414,52,0,F
20-Sep-2006,16B-20,F,628,80,308,100,12,8.5,60,90.7,24,0,138.1429,54.74986,3.315428,2082.089,3.523626,52,0,F
21-Sep-2006,16A-20,F,774,70,309,100,13.25,11,61,24.5,24,0,114.4522,63.66237,2.746853,2126.064,3.907379,52,0,F
21-Sep-2006,16B-20,F,628,80,308,100,12,8.5,61,89.9,24,0,138.7307,54.98282,3.329536,2090.948,3.547882,52,0,F
22-Sep-2006,16A-20,F,774,70,308,100,13.25,11,61,24.5,24,0,114.4522,63.66237,2.746853,2126.064,3.861715,52,0,F
22-Sep-2006,16B-20,F,628,82,309,100,12,8.5,61,89.6,24,0,138.5164,54.89791,3.324394,2087.719,3.501004,52,0,F
23-Sep-2006,16A-20,F,774,70,308,100,13.25,11,60,24.6,24,0,113.824,63.31297,2.731777,2114.396,3.808391,52,0,F
23-Sep-2006,16B-20,F,628,80,308,100,12,8.5,60,90.4,24,0,137.9318,54.66621,3.310363,2078.908,3.457063,52,0,F
24-Sep-2006,16A-20,F,774,80,308,100,13.25,11,60,24.6,24,0,113.824,63.39053,2.731777,2114.396,3.872458,51,0,F
24-Sep-2006,16B-20,F,628,70,308,100,12,8.5,60,90.7,24,0,138.1429,54.86275,3.315428,2082.089,3.522857,51,0,F
25-Sep-2006,16A-20,F,774,80,308,100,13.25,11,60,24.6,24,0,113.824,63.31297,2.731777,2114.396,3.78303,52,0,F
25-Sep-2006,16B-20,F,628,70,308,100,12,8.5,60,90,24,0,137.6497,54.55441,3.303593,2074.656,3.427018,52,0,F
26-Sep-2006,16A-20,F,774,80,308,100,13.25,11,60,24.4,24,0,113.3747,63.06302,2.720992,2106.048,3.714214,52,0,F
26-Sep-2006,16B-20,F,628,65,308,100,12,8.5,60,89.6,24,0,137.3668,54.4423,3.296804,2070.393,3.371072,52,0,F
27-Sep-2006,16A-20,F,774,78,309,100,13.25,11,60,24.4,24,0,113.3747,63.06302,2.720992,2106.048,3.727818,52,0,F
27-Sep-2006,16B-20,F,628,70,308,100,12,8.5,60,90.4,24,0,137.9318,54.66621,3.310363,2078.908,3.397335,52,0,F
28-Sep-2006,16A-20,F,774,78,309,100,13.25,11,61,24.3,24,0,113.9983,63.40988,2.735959,2117.632,3.805469,52,0,F
28-Sep-2006,16B-20,F,628,70,308,100,12,8.5,60,90,24,0,137.6497,54.55441,3.303593,2074.656,3.442077,52,0,F
29-Sep-2006,16A-20,F,774,82,308,100,13.25,11,60,24.4,24,0,113.3747,63.06302,2.720992,2106.048,3.728245,52,0,F
29-Sep-2006,16B-20,F,628,70,308,100,12,8.5,60,90.2,24,0,137.7908,54.61035,3.30698,2076.784,3.394252,52,0,F
30-Sep-2006,16A-20,F,774,80,309,100,13.25,11,61,24.1,24,0,113.5423,63.07978,2.725015,2109.162,3.729276,53,0,F
30-Sep-2006,16B-20,F,628,70,309,100,12,8.5,61,88.9,24,0,138.0147,54.58754,3.312354,2080.158,3.393525,53,0,F
01-Oct-2006,16A-20,F,774,78,308,100,13.25,11,60,24.3,24,0,113.1493,62.93763,2.715582,2101.861,3.71917,52,0,F
01-Oct-2006,16B-20,F,628,70,308,100,12,8.5,60,90,24,0,137.6497,54.55441,3.303593,2074.656,3.389261,52,0,F
02-Oct-2006,16A-20,F,774,78,308,100,13.25,11,60,24.3,24,0,113.1493,63.01473,2.715582,2101.861,3.716108,51,0,F
02-Oct-2006,16B-20,F,628,70,308,100,12,8.5,60,90.7,24,0,138.1429,54.86275,3.315428,2082.089,3.400784,51,0,F
03-Oct-2006,16A-20,F,774,80,308,100,13.25,11,60,24.2,24,0,112.9233,62.8889,2.71016,2097.664,3.802149,51,0,F
03-Oct-2006,16B-20,F,628,70,308,100,12,8.5,60,89.9,24,0,137.5791,54.63884,3.301898,2073.592,3.472257,51,0,F
04-Oct-2006,16A-20,F,774,80,309,100,13.25,11,61,24,24,0,113.3135,63.029,2.719525,2104.912,3.864571,52,0,F
04-Oct-2006,16B-20,F,628,70,309,100,12,8.5,61,88.6,24,0,137.799,54.61358,3.307176,2076.906,3.520472,52,0,F
05-Oct-2006,16A-20,F,774,80,309,100,13.25,11,61,24,24,0,113.3812,63.01698,2.721149,2105.081,3.826348,52,0,F
05-Oct-2006,16B-20,F,628,70,309,100,12,8.5,61,88.8,24,0,137.8271,54.68512,3.307851,2078.654,3.489879,52,0,F
06-Oct-2006,16A-20,F,774,86,309,100,13.25,11,61,24,24,0,113.3135,63.029,2.719525,2104.912,3.811139,52,0,F
06-Oct-2006,16B-20,F,628,70,309,100,12,8.5,61,88.9,24,0,138.0147,54.69909,3.312354,2080.158,3.477233,52,0,F
07-Oct-2006,16A-20,F,774,80,308,100,13.25,11,60,24.1,24,0,112.6969,62.68599,2.704725,2093.457,3.810333,52,0,F
07-Oct-2006,16B-20,F,628,68,309,100,12,8.5,61,89,24,0,138.0866,54.72755,3.314078,2081.241,3.49734,52,0,F
08-Oct-2006,16A-20,F,774,84,308,100,13.25,11,60,24.1,24,0,112.6969,62.68599,2.704725,2093.457,3.763483,52,0,F
08-Oct-2006,16B-20,F,628,70,309,100,12,8.5,60,88.8,24,0,136.7987,54.21714,3.283169,2061.83,3.422122,52,0,F
09-Oct-2006,16A-20,F,774,88,310,100,13.25,11,62,23.4,24,0,112.7578,62.64393,2.706187,2094.588,3.825285,53,0,F
09-Oct-2006,16B-20,F,628,62,310,100,12,8.5,61,87.7,24,0,137.149,54.24513,3.291576,2067.11,3.483122,53,0,F
10-Oct-2006,16A-20,F,774,80,308,100,13.25,11,60,24.1,24,0,112.6969,62.68599,2.704725,2093.457,3.78084,52,0,F
10-Oct-2006,16B-20,F,628,70,309,100,12,8.5,61,89.1,24,0,138.1583,54.75599,3.3158,2082.322,3.472073,52,0,F
11-Oct-2006,16A-20,F,774,80,308,100,13.25,11,60,24.2,24,0,112.9233,62.8889,2.71016,2097.664,3.783986,51,0,F
11-Oct-2006,16B-20,F,628,68,309,100,12,8.5,60,89.7,24,0,137.4376,54.58266,3.298502,2071.46,3.452117,51,0,F
12-Oct-2006,16A-20,F,774,80,308,100,13.25,11,60,24.2,24,0,112.9233,62.8889,2.71016,2097.664,3.78823,51,0,F
12-Oct-2006,16B-20,F,628,65,308,100,12,8.5,60,89.3,24,0,137.1541,54.47009,3.291699,2067.187,3.448861,51,0,F
13-Oct-2006,16A-20,F,774,78,308,100,13.25,11,60,24.2,24,0,112.9233,62.8889,2.71016,2097.664,3.737621,51,0,F
13-Oct-2006,16B-20,F,628,65,308,100,12,8.5,60,89.5,24,0,137.296,54.52641,3.295104,2069.325,3.406304,51,0,F
14-Oct-2006,16A-20,F,774,78,307,100,13.25,11,59,24.3,24,0,112.2952,62.53907,2.695083,2085.995,3.739844,51,0,F
14-Oct-2006,16B-20,F,628,70,308,100,12,8.5,60,89.6,24,0,137.3668,54.55455,3.296804,2070.393,3.429164,51,0,F
15-Oct-2006,16A-20,F,774,82,308,100,13.25,11,60,24,24,0,112.4699,62.63639,2.699278,2089.241,3.766994,51,0,F
15-Oct-2006,16B-20,F,628,70,309,100,12,8.5,61,88.4,24,0,137.6549,54.66896,3.303718,2074.735,3.455925,51,0,F
16-Oct-2006,16A-20,F,774,80,307,100,13.25,11,59,24.3,24,0,112.2952,62.53907,2.695083,2085.995,3.700748,51,0,F
16-Oct-2006,16B-20,F,628,68,307,100,12,8.5,60,89.9,24,0,137.5791,54.63884,3.301898,2073.592,3.398559,51,0,F
17-Oct-2006,16A-20,F,774,78,307,100,13.25,11,59,24.4,24,0,112.5188,62.66361,2.700451,2090.149,3.726754,51,0,F
17-Oct-2006,16B-20,F,628,70,308,100,12,8.5,59,90,24,0,136.4914,54.20688,3.275794,2057.198,3.388637,51,0,F
18-Oct-2006,16A-20,F,774,80,308,100,13.25,11,60,23.9,24,0,112.2424,62.43321,2.693818,2085.015,3.741368,52,0,F
18-Oct-2006,16B-20,F,628,70,309,100,12,8.5,60,87.9,24,0,136.1557,53.96231,3.267738,2052.139,3.399733,52,0,F
19-Oct-2006,16A-20,F,774,80,308,100,13.25,11,60,23.9,24,0,112.2424,62.43321,2.693818,2085.015,3.742642,52,0,F
19-Oct-2006,16B-20,F,628,70,309,100,12,8.5,60,88.1,24,0,136.299,54.01908,3.271176,2054.298,3.404468,52,0,F
20-Oct-2006,16A-20,F,774,80,308,100,13.25,11,60,23.9,24,0,112.2424,62.43321,2.693818,2085.015,3.72502,52,0,F
20-Oct-2006,16B-20,F,628,70,308,100,12,8.5,60,87.8,24,0,136.0841,53.9339,3.266018,2051.059,3.383095,52,0,F
21-Oct-2006,16A-20,F,774,80,308,100,13.25,11,59,24,24,0,111.6877,62.15186,2.680504,2073.638,3.753191,51,0,F
21-Oct-2006,16B-20,F,628,70,308,100,12,8.5,60,88.6,24,0,136.5418,54.28666,3.277003,2059.269,3.444851,51,0,F
22-Oct-2006,16A-20,F,774,70,308,100,13.25,11,60,24.1,24,0,112.6969,62.76279,2.704725,2093.457,3.794321,51,0,F
22-Oct-2006,16B-20,F,628,70,308,100,12,8.5,60,88.2,24,0,136.3705,54.15887,3.272892,2055.376,3.441571,51,0,F
23-Oct-2006,16A-20,F,774,72,308,100,13.25,11,60,24,24,0,112.4699,62.63639,2.699278,2089.241,3.756804,51,0,F
23-Oct-2006,16B-20,F,628,70,308,100,12,8.5,60,88.2,24,0,136.3705,54.15887,3.272892,2055.376,3.414418,51,0,F
24-Oct-2006,16A-20,F,774,72,308,100,13.25,11,60,24.1,24,0,112.6969,62.76279,2.704725,2093.457,3.697216,51,0,F
24-Oct-2006,16B-20,F,628,70,308,100,12,8.5,60,88.2,24,0,136.3705,54.15887,3.272892,2055.376,3.353493,51,0,F
25-Oct-2006,16A-20,F,774,78,307,100,13.25,11,60,24.2,24,0,112.9233,62.8889,2.71016,2097.664,3.743963,51,0,F
25-Oct-2006,16B-20,F,628,70,308,100,12,8.5,60,88.1,24,0,136.299,54.13046,3.271176,2054.298,3.387306,51,0,F
26-Oct-2006,16A-20,F,774,70,307,100,13.25,11,59,24.1,24,0,111.8464,62.28914,2.684313,2077.658,3.744064,51,0,F
26-Oct-2006,16B-20,F,628,70,308,100,12,8.5,60,88.2,24,0,136.3705,54.15887,3.272892,2055.376,3.421809,51,0,F
27-Oct-2006,16A-20,F,774,78,307,100,13.25,11,58,24.3,24,0,111.4358,62.13736,2.67446,2070.032,3.790086,50,0,F
27-Oct-2006,16B-20,F,628,70,308,100,12,8.5,59,89,24,0,135.7895,54.04035,3.258948,2046.619,3.464057,50,0,F
28-Oct-2006,16A-20,F,774,78,306,100,13.25,11,57,24.8,24,0,111.6662,62.34381,2.67999,2074.312,3.759549,49,0,F
28-Oct-2006,16B-20,F,628,68,306,100,12,8.5,NaN,NaN,24,0,135.9725,54.2863,3.263341,2050.684,3.439045,49,0,F
29-Oct-2006,16A-20,F,774,75,306,100,13.25,11,58,24.7,24,0,112.3201,62.70889,2.695683,2086.459,3.893952,49,0,F
29-Oct-2006,16B-20,F,628,70,306,100,12,8.5,58,90.7,24,0,135.8106,54.16228,3.259454,2046.937,3.533815,49,0,F
30-Oct-2006,16A-20,F,774,80,307,100,13.25,11,59,24,24,0,111.6212,62.16374,2.678909,2073.476,3.711421,51,0,F
30-Oct-2006,16B-20,F,628,70,308,100,12,8.5,60,87.5,24,0,135.8687,53.95957,3.260848,2047.813,3.386311,51,0,F
31-Oct-2006,16A-20,F,774,80,307,100,13.25,11,59,24,24,0,111.6212,62.16374,2.678909,2073.476,3.70778,51,0,F
31-Oct-2006,16B-20,F,628,69,308,100,12,8.5,60,87.7,24,0,136.0123,54.01661,3.264295,2049.978,3.386565,51,0,F
01-Nov-2006,16A-20,F,774,78,307,100,13.25,11,59,24.1,24,0,111.8464,62.36628,2.684313,2077.658,3.719286,50,0,F
01-Nov-2006,16B-20,F,628,68,308,100,12,8.5,60,87.8,24,0,136.0841,54.15758,3.266018,2051.059,3.394217,50,0,F
02-Nov-2006,16A-20,F,774,78,307,100,13.25,11,59,24.1,24,0,111.8464,62.36628,2.684313,2077.658,3.757256,50,0,F
02-Nov-2006,16B-20,F,628,70,308,100,12,8.5,59,88.1,24,0,135.1536,53.78728,3.243686,2037.035,3.405423,50,0,F
03-Nov-2006,16A-20,F,774,78,307,100,13.25,11,58,24.1,24,0,110.9907,61.88914,2.663776,2061.763,3.706902,50,0,F
03-Nov-2006,16B-20,F,628,69,307,100,12,8.5,59,88.3,24,0,135.2953,53.84365,3.247086,2039.17,3.389235,50,0,F
04-Nov-2006,16A-20,F,774,78,307,100,13.25,11,58,24.1,24,0,110.9907,61.88914,2.663776,2061.763,3.746071,50,0,F
04-Nov-2006,16B-20,F,628,70,307,100,12,8.5,59,88.1,24,0,135.1536,53.78728,3.243686,2037.035,3.421462,50,0,F
05-Nov-2006,16A-20,F,774,80,307,100,13.25,11,58,24.1,24,0,110.9907,61.88914,2.663776,2061.763,3.730624,50,0,F
05-Nov-2006,16B-20,F,628,70,307,100,12,8.5,59,88.2,24,0,135.2244,53.81547,3.245387,2038.103,3.409139,50,0,F
06-Nov-2006,16A-20,F,774,78,307,100,13.25,11,59,24,24,0,111.6212,62.24073,2.678909,2073.476,3.721189,50,0,F
06-Nov-2006,16B-20,F,628,70,307,100,12,8.5,59,87.6,24,0,134.7986,53.64599,3.235166,2031.684,3.370659,50,0,F
07-Nov-2006,16A-20,F,774,78,307,100,13.25,11,59,24,24,0,111.6212,62.24073,2.678909,2073.476,3.702733,50,0,F
07-Nov-2006,16B-20,F,628,70,307,100,12,8.5,59,88,24,0,135.0827,53.75906,3.241984,2035.966,3.361011,50,0,F
08-Nov-2006,16A-20,F,774,80,307,100,13.25,11,59,23.9,24,0,111.3955,62.11489,2.673493,2069.284,3.672129,50,0,F
08-Nov-2006,16B-20,F,628,60,307,100,12,8.5,59,87.8,24,0,134.9407,53.70256,3.238578,2033.827,3.336474,50,0,F
09-Nov-2006,16A-20,F,774,75,307,100,13.25,11,58,24,24,0,110.7673,61.76461,2.658417,2057.614,3.678763,50,0,F
09-Nov-2006,16B-20,F,628,60,307,100,12,8.5,59,87.8,24,0,134.9407,53.70256,3.238578,2033.827,3.361458,50,0,F
10-Nov-2006,16A-20,F,774,85,306,100,13.25,11,58,24.3,24,0,111.4358,62.13736,2.67446,2070.032,3.689416,50,0,F
10-Nov-2006,16B-20,F,628,65,307,100,12,8.5,59,88.2,24,0,135.2244,53.81547,3.245387,2038.103,3.358014,50,0,F
11-Nov-2006,16A-20,F,774,80,305,100,13.25,11,56,25.2,24,0,111.647,62.49203,2.679529,2073.955,3.813424,47,0,F
11-Nov-2006,16B-20,F,628,65,305,100,12,8.5,57,92.7,24,0,135.9904,54.4655,3.26377,2049.647,3.490804,47,0,F
12-Nov-2006,16A-20,F,774,80,307,100,13.25,11,59,24,24,0,111.6212,62.24073,2.678909,2073.476,3.724968,50,0,F
12-Nov-2006,16B-20,F,628,65,308,100,12,8.5,59,86.9,24,0,134.2994,53.44733,3.223186,2024.16,3.361588,50,0,F
13-Nov-2006,16A-20,F,774,85,307,100,13.25,11,59,23.9,24,0,111.3955,62.11489,2.673493,2069.284,3.688212,50,0,F
13-Nov-2006,16B-20,F,628,70,308,100,12,8.5,60,87,24,0,135.5087,53.9286,3.252209,2042.387,3.365192,50,0,F
14-Nov-2006,16A-20,F,774,65,307,100,13.25,11,59,24.1,24,0,111.8464,62.36628,2.684313,2077.658,3.618964,50,0,F
14-Nov-2006,16B-20,F,628,75,307,100,12,8.5,59,86.9,24,0,134.2994,53.44733,3.223186,2024.16,3.25935,50,0,F
15-Nov-2006,16A-20,F,774,76,307,100,13.25,11,59,24.1,24,0,111.8464,62.36628,2.684313,2077.658,3.70317,50,0,F
15-Nov-2006,16B-20,F,628,62,308,100,12,8.5,59,86.8,24,0,134.2279,53.41887,3.221469,2023.083,3.333413,50,0,F
16-Nov-2006,16A-20,F,774,76,307,100,13.25,11,59,24,24,0,111.6212,62.24073,2.678909,2073.476,3.695187,50,0,F
16-Nov-2006,16B-20,F,628,62,308,100,12,8.5,59,87,24,0,134.3709,53.47577,3.224901,2025.238,3.336487,50,0,F
17-Nov-2006,16A-20,F,774,82,307,100,13.25,11,59,24,24,0,111.6212,62.24073,2.678909,2073.476,3.696527,50,0,F
17-Nov-2006,16B-20,F,628,70,307,100,12,8.5,59,87,24,0,134.3709,53.47577,3.224901,2025.238,3.337697,50,0,F
18-Nov-2006,16A-20,F,774,82,307,100,13.25,11,58,24.2,24,0,111.2135,62.01339,2.669124,2065.902,3.715539,50,0,F
18-Nov-2006,16B-20,F,628,70,307,100,12,8.5,59,87,24,0,134.3709,53.47577,3.224901,2025.238,3.367162,50,0,F
19-Nov-2006,16A-20,F,774,80,307,100,13.25,11,58,24.1,24,0,110.9907,61.88914,2.663776,2061.763,3.697679,50,0,F
19-Nov-2006,16B-20,F,628,70,307,100,12,8.5,59,87,24,0,134.3709,53.47577,3.224901,2025.238,3.357704,50,0,F
20-Nov-2006,16A-20,F,774,82,307,100,13.25,11,58,24.2,24,0,111.2135,62.01339,2.669124,2065.902,3.660885,50,0,F
20-Nov-2006,16B-20,F,628,70,307,100,12,8.5,59,87.3,24,0,134.5849,53.56097,3.230039,2028.464,3.322918,50,0,F
21-Nov-2006,16A-20,F,774,82,307,100,13.25,11,58,24.1,24,0,110.9907,61.96665,2.663776,2061.763,3.636043,49,0,F
21-Nov-2006,16B-20,F,628,70,307,100,12,8.5,59,87.3,24,0,134.5849,53.67349,3.230039,2028.464,3.309149,49,0,F
22-Nov-2006,16A-20,F,774,82,307,100,13.25,11,58,24,24,0,110.7673,61.84196,2.658417,2057.614,3.660139,49,0,F
22-Nov-2006,16B-20,F,628,65,307,100,12,8.5,59,86.6,24,0,134.0847,53.47399,3.218033,2020.925,3.325388,49,0,F
23-Nov-2006,16A-20,F,774,82,306,100,13.25,11,58,24.5,24,0,111.879,62.5417,2.685095,2078.264,3.713593,48,0,F
23-Nov-2006,16B-20,F,628,70,307,100,12,8.5,58,88.1,24,0,134.0021,53.55442,3.216051,2019.68,3.340563,48,0,F
24-Nov-2006,16A-20,F,774,80,305,100,13.25,11,56,24.9,24,0,111.0684,62.11969,2.665641,2062.14,3.719579,47,0,F
24-Nov-2006,16B-20,F,628,65,305,100,12,8.5,57,90,24,0,134.0446,53.74466,3.217071,2021.607,3.379022,47,0,F
25-Nov-2006,16A-20,F,774,78,304,100,13.25,11,56,24.9,24,0,111.0027,62.13136,2.664064,2061.986,3.746912,47,0,F
25-Nov-2006,16B-20,F,628,70,305,100,12,8.5,57,89.9,24,0,134.0875,53.70334,3.218099,2020.966,3.401555,47,0,F
26-Nov-2006,16A-20,F,774,78,305,100,13.25,11,57,24.6,24,0,111.2297,62.17873,2.669512,2066.202,3.681173,48,0,F
26-Nov-2006,16B-20,F,628,65,306,100,12,8.5,58,89,24,0,134.6318,53.80609,3.231164,2029.171,3.346383,48,0,F
27-Nov-2006,16A-20,F,774,80,306,100,13.25,11,58,24.2,24,0,111.2796,62.07932,2.67071,2066.061,3.626838,49,0,F
27-Nov-2006,16B-20,F,628,70,307,100,12,8.5,59,87.1,24,0,134.33,53.63053,3.22392,2025.912,3.291208,49,0,F
28-Nov-2006,16A-20,F,774,78,306,100,13.25,11,58,24.1,24,0,110.9907,61.96665,2.663776,2061.763,3.690482,49,0,F
28-Nov-2006,16B-20,F,628,65,307,100,12,8.5,59,86.5,24,0,134.013,53.44542,3.216313,2019.845,3.344421,49,0,F
29-Nov-2006,16A-20,F,774,78,305,100,13.25,11,57,24.3,24,0,110.6367,61.72069,2.655282,2054.126,3.679724,49,0,F
29-Nov-2006,16B-20,F,628,66,306,100,12,8.5,87,87,24,0,164.2371,65.57078,3.941691,2476.959,4.106358,49,0,F
30-Nov-2006,16A-20,F,774,78,306,100,13.25,11,57,24.2,24,0,110.4161,61.59761,2.649987,2050.03,3.749955,49,0,F
30-Nov-2006,16B-20,F,628,66,307,100,12,8.5,59,87.1,24,0,134.33,53.63053,3.22392,2025.912,3.429543,49,0,F
01-Dec-2006,16A-20,F,774,78,306,100,13.25,11,58,23.9,24,0,110.5435,61.63979,2.653044,2053.456,3.719406,50,0,F
01-Dec-2006,16B-20,F,628,73,307,100,12,8.5,59,86,24,0,133.6539,53.19046,3.207695,2014.432,3.373004,50,0,F
02-Dec-2006,16A-20,F,774,80,308,100,13.25,11,59,23.4,24,0,110.2594,61.33018,2.646225,2048.178,3.667181,52,0,F
02-Dec-2006,16B-20,F,628,70,309,100,12,8.5,60,83.9,24,0,133.2478,52.80983,3.197948,2008.311,3.319803,52,0,F
03-Dec-2006,16A-20,F,774,78,307,100,13.25,11,58,23.7,24,0,110.0943,61.38931,2.642263,2045.111,3.705355,50,0,F
03-Dec-2006,16B-20,F,628,70,308,100,12,8.5,59,85.6,24,0,133.3657,53.07576,3.200777,2010.088,3.366696,50,0,F
04-Dec-2006,16A-20,F,774,77,306,100,13.25,11,57,24,24,0,109.9082,61.36227,2.637796,2041.654,3.6809,49,0,F
04-Dec-2006,16B-20,F,628,67,307,100,12,8.5,58,87,24,0,133.227,53.13192,3.197447,2007.997,3.348833,49,0,F
05-Dec-2006,16A-20,F,774,78,306,100,13.25,11,57,24.1,24,0,110.195,61.55222,2.64468,2045.924,3.647742,48,0,F
05-Dec-2006,16B-20,F,628,68,306,100,12,8.5,58,86.8,24,0,132.9745,53.20181,3.191389,2005.469,3.311186,48,0,F
06-Dec-2006,16A-20,F,774,80,309,100,13.25,11,71,27.6,16.23,2.05,130.0325,72.59776,2.376993,1839.793,2.695292,49,0,F
06-Dec-2006,16B-20,F,628,70,322,100,12,8.5,78,67.6,24,0,137.6199,54.88387,3.302878,2074.208,3.16596,49,0,F
07-Dec-2006,16A-20,F,774,80,307,100,13.25,11,59,27.1,24,0,118.3766,66.09022,2.841038,2198.963,3.628244,49,0,F
07-Dec-2006,16B-20,F,628,70,307,100,12,8.5,59,87.2,24,0,134.5136,53.64505,3.228327,2027.389,3.094386,49,0,F
08-Dec-2006,16A-20,F,774,80,307,100,13.25,11,59,25.9,24,0,115.8147,64.57906,2.779553,2151.374,3.86149,50,0,F
08-Dec-2006,16B-20,F,628,70,307,100,12,8.5,59,84.8,24,0,132.7868,52.84536,3.186883,2001.362,3.320784,50,0,F
09-Dec-2006,16A-20,F,774,80,307,100,13.25,11,59,25.5,24,0,114.9463,64.01553,2.758711,2135.242,3.928262,51,0,F
09-Dec-2006,16B-20,F,628,70,308,100,12,8.5,60,84.4,24,0,133.6159,53.0649,3.206782,2013.859,3.422769,51,0,F
10-Dec-2006,16A-20,F,774,78,307,100,13.25,11,58,25.6,24,0,114.2815,63.72412,2.742756,2122.893,3.828992,50,0,F
10-Dec-2006,16B-20,F,628,65,308,100,12,8.5,59,85.2,24,0,133.0767,52.96072,3.19384,2005.732,3.344299,50,0,F
11-Dec-2006,16A-20,F,774,80,307,100,13.25,11,59,25.7,24,0,115.3814,64.25788,2.769155,2143.326,3.871776,51,0,F
11-Dec-2006,16B-20,F,628,60,308,100,12,8.5,60,84.2,24,0,133.4688,53.00648,3.203252,2011.642,3.357129,51,0,F
12-Dec-2006,16A-20,F,774,80,306,100,13.25,11,58,25.4,24,0,113.8489,63.56243,2.732375,2114.858,3.792424,49,0,F
12-Dec-2006,16B-20,F,628,60,307,100,12,8.5,59,85.9,24,0,133.582,53.2735,3.205967,2013.347,3.339743,49,0,F
13-Dec-2006,16A-20,F,774,75,305,100,13.25,11,59,25.7,24,0,115.3814,64.49963,2.769155,2143.326,3.867658,48,0,F
13-Dec-2006,16B-20,F,628,70,306,100,12,8.5,58,86.8,24,0,133.0854,53.18804,3.194049,2005.863,3.350461,48,0,F
14-Dec-2006,16A-20,F,774,80,306,100,13.25,11,57,25.4,24,0,112.9644,63.06859,2.711146,2098.427,3.770473,49,0,F
14-Dec-2006,16B-20,F,628,66,307,100,12,8.5,58,86,24,0,132.517,52.84877,3.180407,1997.296,3.319731,49,0,F
15-Dec-2006,16A-20,F,774,70,306,100,13.25,11,57,25.4,24,0,112.9644,63.06859,2.711146,2098.427,3.770679,49,0,F
15-Dec-2006,16B-20,F,628,65,306,100,12,8.5,58,86.1,24,0,132.5882,52.87717,3.182117,1998.369,3.321698,49,0,F
16-Dec-2006,16A-20,F,774,75,305,100,13.25,11,57,25.8,24,0,113.8205,63.62704,2.731692,2114.33,3.803231,48,0,F
16-Dec-2006,16B-20,F,628,72,306,100,12,8.5,58,87.6,24,0,133.6505,53.4139,3.207612,2014.38,3.354016,48,0,F
17-Dec-2006,16A-20,F,774,74,306,100,13.25,11,57,25.3,24,0,112.7492,62.94845,2.705981,2094.429,3.809561,49,0,F
17-Dec-2006,16B-20,F,628,66,307,100,12,8.5,59,85.9,24,0,133.582,53.2735,3.205967,2013.347,3.387556,49,0,F
18-Dec-2006,16A-20,F,774,75,306,100,13.25,11,57,25.4,24,0,112.9644,63.14847,2.711146,2098.427,3.786856,48,0,F
18-Dec-2006,16B-20,F,628,70,307,100,12,8.5,58,86.4,24,0,132.8016,53.07462,3.187238,2001.585,3.34351,48,0,F
19-Dec-2006,16A-20,F,774,80,305,100,13.25,11,57,25.4,24,0,112.9644,63.14847,2.711146,2098.427,3.784788,48,0,F
19-Dec-2006,16B-20,F,628,70,306,100,12,8.5,58,86.2,24,0,132.6594,53.01778,3.183825,1999.442,3.338106,48,0,F
20-Dec-2006,16A-20,F,774,75,305,100,13.25,11,57,25.4,24,0,112.9644,63.14847,2.711146,2098.427,3.774321,48,0,F
20-Dec-2006,16B-20,F,628,65,307,100,12,8.5,58,86.5,24,0,132.8726,53.10301,3.188942,2002.656,3.334225,48,0,F
21-Dec-2006,16A-20,F,774,75,305,100,13.25,11,57,25.4,24,0,112.9644,63.14847,2.711146,2098.427,3.641625,48,0,F
21-Dec-2006,16B-20,F,628,75,306,100,12,8.5,58,86.2,24,0,132.6594,53.01778,3.183825,1999.442,3.211838,48,0,F
22-Dec-2006,16A-20,F,774,75,305,100,13.25,11,56,25.6,24,0,112.4996,62.88866,2.699991,2089.793,3.730756,48,0,F
22-Dec-2006,16B-20,F,628,65,306,100,12,8.5,58,86.8,24,0,133.0854,53.18804,3.194049,2005.863,3.314655,48,0,F
23-Dec-2006,16A-20,F,774,74,304,100,13.25,11,56,25.7,24,0,112.7116,63.08791,2.705079,2093.731,3.801271,47,0,F
23-Dec-2006,16B-20,F,628,65,305,100,12,8.5,57,87.2,24,0,132.2168,52.95414,3.173204,1992.772,3.351167,47,0,F
24-Dec-2006,16A-20,F,774,75,304,100,13.25,11,55,25.8,24,0,112.0201,62.78214,2.688481,2080.885,3.745369,46,0,F
24-Dec-2006,16B-20,F,628,70,305,100,12,8.5,57,87.7,24,0,132.5659,53.20888,3.181583,1998.034,3.333262,46,0,F
25-Dec-2006,16A-20,F,774,75,303,100,13.25,11,55,26.1,24,0,112.6466,63.13329,2.703518,2092.523,3.551756,46,0,F
25-Dec-2006,16B-20,F,628,65,304,100,12,8.5,55,88.9,24,0,131.0527,52.60149,3.145265,1975.226,3.107489,46,0,F
26-Dec-2006,16A-20,F,774,72,304,100,13.25,11,55,26.1,24,0,112.6466,63.13329,2.703518,2092.523,3.764059,46,0,F
26-Dec-2006,16B-20,F,628,68,304,100,12,8.5,56,89.3,24,0,132.5023,53.18335,3.180056,1997.075,3.329664,46,0,F
27-Dec-2006,16A-20,F,774,74,304,100,13.25,11,56,26,24,0,113.3449,63.52466,2.720278,2105.495,3.750725,46,0,F
27-Dec-2006,16B-20,F,628,65,305,100,12,8.5,56,87.9,24,0,131.5425,52.79808,3.157019,1982.608,3.27354,46,0,F
28-Dec-2006,16A-20,F,774,73,304,100,13.25,11,56,25.6,24,0,112.4996,62.96925,2.699991,2089.793,3.750257,47,0,F
28-Dec-2006,16B-20,F,628,65,305,100,12,8.5,57,86.9,24,0,132.0068,52.87,3.168162,1989.606,3.307161,47,0,F
29-Dec-2006,16A-20,F,774,72,304,100,13.25,11,56,25.8,24,0,112.9232,63.2883,2.710156,2097.661,3.745974,46,0,F
29-Dec-2006,16B-20,F,628,63,305,100,12,8.5,56,87.4,24,0,131.1973,52.65956,3.148736,1977.406,3.272995,46,0,F
30-Dec-2006,16A-20,F,774,75,304,100,13.25,11,56,25.8,24,0,112.9232,63.2883,2.710156,2097.661,3.84529,46,0,F
30-Dec-2006,16B-20,F,628,66,305,100,12,8.5,57,87.3,24,0,132.2868,53.09682,3.174882,1993.826,3.387669,46,0,F
31-Dec-2006,16A-20,F,774,72,304,100,13.25,11,56,25.8,24,0,112.9232,63.2883,2.710156,2097.661,3.779423,46,0,F
31-Dec-2006,16B-20,F,628,65,305,100,12,8.5,57,87.3,24,0,132.2868,53.09682,3.174882,1993.826,3.329641,46,0,F
